dataset,response,term,kind,n,mean,sd,cv,median,q25,q75,ci95_lo,ci95_hi,sign_pos_freq,sign_pos_wilson_lo,sign_pos_wilson_hi,sign_stable,rank_mean,rank_min,rank_max,top1_freq,top3_freq,vertex_gap_mean,blend50_minus_best_member_mean,blend50_beats_best_member_freq,pareto_pair_participation
santander,roc_auc,gnb,linear,30,0.8862689850586476,0.0005706099794114357,0.0006438338574757599,0.8863275101853816,0.885940114204575,0.8864352423906624,0.8860681987519129,0.8864720519695019,1.0,0.886486605238548,1.0,True,,,,,,,,,
santander,roc_auc,gnb*knn,interaction,30,0.2431857582228977,0.0026929465684412657,0.0110736195578237,0.24271896474466254,0.24145913482897427,0.24509424728671364,0.24225429824864478,0.244153378237943,1.0,0.886486605238548,1.0,True,1.0,1.0,1.0,1.0,1.0,0.16322294784597244,-0.004960882406854109,0.0,0.08796795563087352
santander,roc_auc,gnb*rf,interaction,30,0.07583941328177111,0.001161097866543632,0.015309953180013793,0.0759846264105825,0.0753064121946185,0.07658740157663994,0.07542541819185335,0.07623448658289338,1.0,0.886486605238548,1.0,True,6.0,6.0,6.0,0.0,0.0,0.042924276724169035,0.0001525890102747248,0.7666666666666667,0.21398859959944538
santander,roc_auc,gnb*xgb,interaction,30,0.020802651260577433,0.0005663575891347474,0.027225259994048786,0.020923595493823298,0.020417341316828975,0.021142028755020074,0.02060164500925527,0.020994666252080706,1.0,0.886486605238548,1.0,True,9.0,9.0,9.0,0.0,0.0,0.006855769404845087,0.0038846817009409508,1.0,0.6898782930211061
santander,roc_auc,knn,linear,30,0.7565468119542107,0.0017284855116676638,0.002284703979127043,0.7567247899205081,0.7557560391011426,0.7575322794893071,0.7559217024284975,0.7571509705674547,1.0,0.886486605238548,1.0,True,,,,,,,,,
santander,roc_auc,knn*rf,interaction,30,0.19926356485625898,0.0021327273872118638,0.010703047437449644,0.1993726167355245,0.19780742514033,0.20089659557869613,0.19852110769521086,0.2000194938266574,1.0,0.886486605238548,1.0,True,3.033333333333333,3.0,4.0,0.0,0.9666666666666667,0.12029867112180341,0.0078204423969965,1.0,0.0844245878909259
santander,roc_auc,knn*xgb,interaction,30,0.23200486869298667,0.002612924436681009,0.011262368981310934,0.2319883730412145,0.2303416051382668,0.23340144886145758,0.23106923066895174,0.2329488323635885,1.0,0.886486605238548,1.0,True,2.0,2.0,2.0,0.0,1.0,0.15636717844112738,-0.004107430542421242,0.0,0.08796795563087352
santander,roc_auc,lr,linear,30,0.8580073517659937,0.0007351549500030181,0.0008568166094263474,0.8580554559584903,0.8574554426037728,0.8584342256876211,0.857748549406536,0.858259183435123,1.0,0.886486605238548,1.0,True,,,,,,,,,
santander,roc_auc,lr*gnb,interaction,30,0.018226154869980422,0.00035732113912317827,0.019604855860832597,0.0181614902580505,0.018026470822872776,0.018402967923607128,0.018100830665788093,0.018350191973435126,1.0,0.886486605238548,1.0,True,10.0,10.0,10.0,0.0,0.0,0.02860968383013153,-0.007604515862054858,0.0,0.36958866122323214
santander,roc_auc,lr*knn,interaction,30,0.19720613595367992,0.002366049353560137,0.011997848556374932,0.19700466033049174,0.1957706307196923,0.1990319262797281,0.19637686080253539,0.19804811004764467,1.0,0.886486605238548,1.0,True,3.966666666666667,3.0,4.0,0.0,0.03333333333333333,0.13461326401584092,-0.002443923770503842,0.0,0.009397627484208904
santander,roc_auc,lr*rf,interaction,30,0.09274977557842444,0.0012497131399978702,0.013474028720869271,0.09278683355649785,0.09207014131535458,0.09352139262537432,0.09230806416006287,0.09317583462976492,1.0,0.886486605238548,1.0,True,5.0,5.0,5.0,0.0,0.0,0.014314592894037519,0.01783662400057812,1.0,0.048836851024495455
santander,roc_auc,lr*xgb,interaction,30,0.0433804953340106,0.000767996573533504,0.01770372992793813,0.04338566254323635,0.0428453015464386,0.04395273076225975,0.04311280474416974,0.043653053522538246,1.0,0.886486605238548,1.0,True,8.0,8.0,8.0,0.0,0.0,0.021753914425286444,0.001079781278834524,1.0,0.10922816207055924
santander,roc_auc,rf,linear,30,0.84930807634901,0.0010572070517096735,0.0012447862926894277,0.8494330223397584,0.8487973581497266,0.850147587138833,0.8489335846806483,0.8496736861688602,1.0,0.886486605238548,1.0,True,,,,,,,,,
santander,roc_auc,rf*xgb,interaction,30,0.055485476036657,0.001010288834633431,0.018208167376377454,0.0552453052382453,0.0546747758767709,0.05629381844329848,0.055129354416727484,0.055836268946443786,1.0,0.886486605238548,1.0,True,7.0,7.0,7.0,0.0,0.0,0.03606850731932397,-0.0014577887469634288,0.0,0.21398859959944538
santander,roc_auc,xgb,linear,30,0.880287283602833,0.000826832212609863,0.0009392754252064286,0.8801906926090601,0.8798733221580379,0.8807052141108124,0.8800069528215068,0.8805860727782593,1.0,0.886486605238548,1.0,True,,,,,,,,,
santander,log_loss,gnb,linear,30,0.21144148330020884,0.0004348018427190213,0.002056369620249405,0.2115100114568218,0.21123545916603886,0.2116498930973908,0.21128565470516508,0.21159385549112472,1.0,0.886486605238548,1.0,True,,,,,,,,,
santander,log_loss,gnb*knn,interaction,30,-0.17401438229779967,0.0011872728168897447,0.006822843038674265,-0.17375625542468498,-0.17490280084344426,-0.17316196499062553,-0.17443422170837247,-0.17360570190579327,0.0,0.0,0.11351339476145204,True,1.0,1.0,1.0,1.0,1.0,0.14050008758756302,0.020968971438059474,0.0,0.08796795563087352
santander,log_loss,gnb*rf,interaction,30,-0.05797462227464598,0.0003210929775878523,0.005538509178494048,-0.0579259958233328,-0.058223529890113875,-0.05780341829912713,-0.058087627522841113,-0.05786002155235999,0.0,0.0,0.11351339476145204,True,5.0,5.0,5.0,0.0,0.0,0.06417982509864853,0.017378177056499147,0.0,0.21398859959944538
santander,log_loss,gnb*xgb,interaction,30,-0.020170728197515767,0.0002180620093206603,0.010810814918794895,-0.02015758922577405,-0.0203125087393163,-0.020066677744573602,-0.020247528038864985,-0.020094462125033862,0.0,0.0,0.11351339476145204,True,9.0,9.0,9.0,0.0,0.0,0.009084443100458967,-0.0015282820155276904,1.0,0.6898782930211061
santander,log_loss,knn,linear,30,0.340519105111804,0.0006863187481626099,0.0020155073176797763,0.340459714987418,0.34004535378138756,0.34074845960540406,0.340278703013075,0.34076015693557543,1.0,0.886486605238548,1.0,True,,,,,,,,,
santander,log_loss,knn*rf,interaction,30,-0.08659831866861725,0.001099480746541104,0.01269632902168053,-0.08636988081740685,-0.08729166059873933,-0.08589316823511894,-0.08698607728264908,-0.08621808456513816,0.0,0.0,0.11351339476145204,True,4.0,4.0,4.0,0.0,0.0,0.07632026248891453,0.011096052111761132,0.0,0.0844245878909259
santander,log_loss,knn*xgb,interaction,30,-0.1367395465361208,0.0012318385464289308,0.009008648760609509,-0.13664936777441164,-0.13744305989116262,-0.13609828022299172,-0.13717612243530783,-0.136313776208323,0.0,0.0,0.11351339476145204,True,3.0,3.0,3.0,0.0,1.0,0.1314156444871041,0.025468328610242938,0.0,0.08796795563087352
santander,log_loss,lr,linear,30,0.23223261000759773,0.00044673332273255297,0.0019236459630623693,0.23221153352715912,0.23201905733264622,0.23244184568589737,0.23207797876315123,0.23238833481293966,1.0,0.886486605238548,1.0,True,,,,,,,,,
santander,log_loss,lr*gnb,interaction,30,-0.012971463116092732,0.00014012172701320728,0.010802307014955673,-0.01295693789338255,-0.0130466516137498,-0.012896724029833901,-0.013022698896029333,-0.01292422647143825,0.0,0.0,0.11351339476145204,True,10.0,10.0,10.0,0.0,0.0,0.02122013300279828,0.0062741522628879986,0.0,0.36958866122323214
santander,log_loss,lr*knn,interaction,30,-0.14760326400828958,0.0010453335925580658,0.007082049300070754,-0.1474675770575547,-0.1482757229136994,-0.14678666210907085,-0.14797435412376247,-0.14724279814884997,0.0,0.0,0.11351339476145204,True,2.0,2.0,2.0,0.0,1.0,0.11927995458476479,0.01674827343690067,0.0,0.009397627484208904
santander,log_loss,lr*rf,interaction,30,-0.05331240962671568,0.00030916129042045246,0.005799049275490391,-0.053272001746189304,-0.05358019090605892,-0.053065280719783475,-0.05342155472214805,-0.053205385528789687,0.0,0.0,0.11351339476145204,True,6.0,6.0,6.0,0.0,0.0,0.042959692095850266,0.007820152666702085,0.0,0.048836851024495455
santander,log_loss,lr*xgb,interaction,30,-0.029566232625434726,0.0002746453285368211,0.009289155369106917,-0.029602642792589,-0.029734439101618226,-0.029316281153292448,-0.029663333482396644,-0.029469645482251595,0.0,0.0,0.11351339476145204,True,8.0,8.0,8.0,0.0,0.0,0.012135689902339312,-0.0022797938919342222,1.0,0.10922816207055924
santander,log_loss,rf,linear,30,0.2750493114258957,0.00027798739816194427,0.0010106820363258394,0.2750873162662872,0.27489174958604423,0.27525123014719893,0.27494881532577137,0.2751446562899506,1.0,0.886486605238548,1.0,True,,,,,,,,,
santander,log_loss,rf*xgb,interaction,30,-0.04183022767336094,0.00036332835447567174,0.008685784770591934,-0.041801081561189404,-0.04210964810352548,-0.04152248984345605,-0.04195855218566387,-0.04170439916524762,0.0,0.0,0.11351339476145204,True,7.0,7.0,7.0,0.0,0.0,0.05509538199818955,0.016607322315761234,0.0,0.21398859959944538
santander,log_loss,xgb,linear,30,0.2199990095890708,0.0005739887807259178,0.00260905165799634,0.2200353023650248,0.21967679462063355,0.2202757418396363,0.21978650453450224,0.2201976377484955,1.0,0.886486605238548,1.0,True,,,,,,,,,
bnp,roc_auc,gnb,linear,30,0.6371748231152633,0.008232483855117318,0.012920290564632184,0.6425765507218231,0.6281461423080421,0.6438058401872871,0.634202845844706,0.6399851765007994,1.0,0.886486605238548,1.0,True,,,,,,,,,
bnp,roc_auc,gnb*knn,interaction,30,0.07982758040964029,0.016431160977842443,0.20583313302902204,0.07210792714923306,0.06674256626021421,0.09792246142765809,0.07423736032424824,0.0858174291156923,1.0,0.886486605238548,1.0,True,5.7,5.0,7.0,0.0,0.0,0.0742205682773584,0.000955022558425526,0.9,0.0017371163867979154
bnp,roc_auc,gnb*rf,interaction,30,0.13858575382290317,0.02413369467814956,0.17414268070432173,0.1248845028047503,0.1189279822084032,0.1654895856426566,0.1304222850358518,0.14731722363252858,1.0,0.886486605238548,1.0,True,2.1333333333333333,2.0,3.0,0.0,1.0,0.13904207584045913,-0.015581198076403912,0.0,0.32020845396641573
bnp,roc_auc,gnb*xgb,interaction,30,0.14776322524485647,0.025485724882268298,0.172476777222724,0.13348638614339936,0.12662201941231857,0.17671031468061,0.1391195330280867,0.1570322481219169,1.0,0.886486605238548,1.0,True,1.0,1.0,1.0,1.0,1.0,0.1448149027148826,-0.0179898911574999,0.0,0.50839606253619
bnp,roc_auc,knn,linear,30,0.6820063795858391,0.0013765048748881896,0.0020183167138760456,0.6821248224365715,0.6812343685528317,0.6825814756050479,0.6815235005079368,0.6824955687856835,1.0,0.886486605238548,1.0,True,,,,,,,,,
bnp,roc_auc,knn*rf,interaction,30,0.06161699085069343,0.001229546002402898,0.01995465837308186,0.0614688483825023,0.06095989281581895,0.06217875399711225,0.061187036766732046,0.06204986515023213,1.0,0.886486605238548,1.0,True,6.9,6.0,7.0,0.0,0.0,0.06482150756310073,-0.012838688578461037,0.0,0.004825323296660877
bnp,roc_auc,knn*xgb,interaction,30,0.11311006945474036,0.002017997699604643,0.017841008402988565,0.1133453773746662,0.11190560928914825,0.11435953930131493,0.11239497896054847,0.11379694066593796,1.0,0.886486605238548,1.0,True,3.6333333333333333,2.0,4.0,0.0,0.23333333333333334,0.07059433443752422,-0.00454364844779764,0.0,0.004825323296660877
bnp,roc_auc,lr,linear,30,0.7342704454710341,0.0008843391473515053,0.001204377968371316,0.734398192866917,0.7335897137782289,0.7347790402965935,0.7339618701367755,0.7345821233636428,1.0,0.886486605238548,1.0,True,,,,,,,,,
bnp,roc_auc,lr*gnb,interaction,30,0.13294981855430896,0.023730294575191293,0.17849061272315805,0.1179829631275211,0.11375614710155672,0.15953231471374912,0.12490654441542906,0.14152648320512673,1.0,0.886486605238548,1.0,True,3.2333333333333334,3.0,4.0,0.0,0.7666666666666667,0.131095370480282,-0.013728149759055027,0.0,0.5101331789229878
bnp,roc_auc,lr*knn,interaction,30,0.08596465780777907,0.0013372083569192304,0.015555326933415938,0.0860329132883426,0.08534504068840873,0.0867089695159629,0.08548358256474137,0.08642335482802922,1.0,0.886486605238548,1.0,True,5.4,5.0,6.0,0.0,0.0,0.05687480220292362,-0.0035819128030509092,0.0,0.004825323296660877
bnp,roc_auc,lr*rf,interaction,30,0.010402692300224869,0.000717299724876083,0.06895327711082808,0.01039937845277785,0.009660033605869499,0.011033008481369025,0.010152192977600283,0.010655244170730488,1.0,0.886486605238548,1.0,True,10.0,10.0,10.0,0.0,0.0,0.007946705360177116,0.002411741659777315,1.0,0.5344528083381587
bnp,roc_auc,lr*xgb,interaction,30,0.03242866238769249,0.0012424621446024556,0.03831370316014027,0.032568875320351,0.0316132923251911,0.033283884752230174,0.03198741824068418,0.03286991203273422,1.0,0.886486605238548,1.0,True,8.0,8.0,8.0,0.0,0.0,0.013719532234600606,0.004130938796927933,1.0,0.9585022196487165
bnp,roc_auc,rf,linear,30,0.7429583805935474,0.0009265496012077456,0.0012471083514362241,0.7428008330175554,0.742532067721979,0.7433772387121012,0.7426329002901113,0.7432902389343269,1.0,0.886486605238548,1.0,True,,,,,,,,,
bnp,roc_auc,rf*xgb,interaction,30,0.019118195431442817,0.0009588558460304705,0.05015409793612029,0.01927970406001275,0.018341864581685175,0.019572213321858697,0.0187789046425644,0.019460767479607146,1.0,0.886486605238548,1.0,True,9.0,9.0,9.0,0.0,0.0,0.00577282687442349,0.005291922154191608,1.0,0.5344528083381587
bnp,roc_auc,xgb,linear,30,0.7471231190507515,0.0014739192140328218,0.0019727929392755143,0.7470844362716529,0.7462253723215176,0.7477707246824097,0.7466171949543333,0.7476610340100824,1.0,0.886486605238548,1.0,True,,,,,,,,,
bnp,log_loss,gnb,linear,30,3.0355241758095333,0.16683247372592694,0.054960021420825934,2.9384495429676845,2.905814117340263,3.223199406092988,2.978212639772743,3.0952457875872548,1.0,0.886486605238548,1.0,True,,,,,,,,,
bnp,log_loss,gnb*knn,interaction,30,-3.888099351389626,0.24197289488429297,0.06223423658086583,-3.7441316657629726,-4.163184472165493,-3.701006689476604,-3.9746286897898893,-3.804981749084828,0.0,0.0,0.11351339476145204,True,2.7333333333333334,2.0,3.0,0.0,1.0,3.2283009139552385,0.20251309307211895,0.0,0.0017371163867979154
bnp,log_loss,gnb*rf,interaction,30,-3.891710231327972,0.24581658486834518,0.06316415412677448,-3.7469199537669375,-4.16988858235718,-3.7003367920573678,-3.979719269311427,-3.8072070541622787,0.0,0.0,0.11351339476145204,True,2.2666666666666666,2.0,3.0,0.0,1.0,3.2589003495793505,0.21707091389794622,0.0,0.32020845396641573
bnp,log_loss,gnb*xgb,interaction,30,-3.9213717896518228,0.24840335135941904,0.06334603416460918,-3.77235256565817,-4.203336675731278,-3.7299719657224264,-4.01028319733441,-3.8359761960910275,0.0,0.0,0.11351339476145204,True,1.0,1.0,1.0,1.0,1.0,3.266994514340267,0.2142007338599029,0.0,0.50839606253619
bnp,log_loss,knn,linear,30,0.47134141438988614,0.002765925047385269,0.0058681986410329305,0.4727433484241725,0.46853354194177904,0.47338304968770517,0.47034419214847206,0.4722897181212145,1.0,0.886486605238548,1.0,True,,,,,,,,,
bnp,log_loss,knn*rf,interaction,30,0.37071833564528184,0.025456918200095036,0.0686691640319977,0.3557698857371534,0.3509469195924237,0.399550323300891,0.3619624342218398,0.3798256530197707,1.0,0.886486605238548,1.0,True,5.0,5.0,5.0,0.0,0.0,0.030599435624111795,0.011311671439584498,0.0,0.004825323296660877
bnp,log_loss,knn*xgb,interaction,30,0.33199432314805066,0.025715157048085815,0.07745661674045647,0.31719563630323333,0.3115231909221666,0.361174736613729,0.3231677810156435,0.3412143797708663,1.0,0.886486605238548,1.0,True,10.0,10.0,10.0,0.0,0.0,0.038693600385028094,0.005719817608428786,0.0,0.004825323296660877
bnp,log_loss,lr,linear,30,0.4425980619151891,0.0026985327434877132,0.0060970279259939635,0.44409964401352886,0.43970860690443037,0.4446875679764967,0.4416344512027117,0.44352286972589855,1.0,0.886486605238548,1.0,True,,,,,,,,,
bnp,log_loss,lr*gnb,interaction,30,-3.87158165478169,0.24855384515578977,0.06419956165687668,-3.7254336754367476,-4.1530377629857576,-3.6780537602595924,-3.960615563594596,-3.786110853858416,0.0,0.0,0.11351339476145204,True,4.0,4.0,4.0,0.0,0.0,3.256641796729707,0.2208683917363304,0.0,0.5101331789229878
bnp,log_loss,lr*knn,interaction,30,0.3530185150339067,0.025645238204836242,0.07264558971467282,0.33802655098353185,0.33299607077503324,0.3820291355914486,0.3441959505037324,0.3622064715510552,1.0,0.886486605238548,1.0,True,8.0,8.0,8.0,0.0,0.0,0.028340882774469372,0.005831062364867841,0.0,0.004825323296660877
bnp,log_loss,lr*rf,interaction,30,0.3684781909949194,0.025567770620355024,0.06938747324860688,0.3533197798048852,0.34850390658555286,0.3975075594262642,0.35970514891909194,0.37763979067153525,1.0,0.886486605238548,1.0,True,6.0,6.0,6.0,0.0,0.0,0.0022585528496424276,-0.0033591131139098377,1.0,0.5344528083381587
bnp,log_loss,lr*xgb,interaction,30,0.3514424784788882,0.02560713076727206,0.07286293585825121,0.33662004396616596,0.33113913919718957,0.3804480090175806,0.34265081226162647,0.3605772159981037,1.0,0.886486605238548,1.0,True,9.0,9.0,9.0,0.0,0.0,0.010352717610558719,-0.0036243156326399204,1.0,0.9585022196487165
bnp,log_loss,rf,linear,30,0.44098716642129465,0.0026180236487791313,0.005936734327270687,0.4422790155119823,0.4381580937847866,0.4429849577376278,0.4400514514391337,0.44187610616807693,1.0,0.886486605238548,1.0,True,,,,,,,,,
bnp,log_loss,rf*xgb,interaction,30,0.3574136204359394,0.02553732474953033,0.07145034013640082,0.3426498091074154,0.33710378045345113,0.38681234792397556,0.3486327715894579,0.3665627758777984,1.0,0.886486605238548,1.0,True,7.0,7.0,7.0,0.0,0.0,0.008094164760916291,-0.003297322291622451,1.0,0.5344528083381587
bnp,log_loss,xgb,linear,30,0.4321817284440448,0.0026726396958642916,0.0061840645264815315,0.4328429539258599,0.42947383294073066,0.4344568343003196,0.43123395848474677,0.4330918262551776,1.0,0.886486605238548,1.0,True,,,,,,,,,
porto,roc_auc,gnb,linear,30,0.5938709208920829,0.0021627452974745916,0.003641776725194466,0.5941264010474269,0.5927696907010149,0.5955154876605425,0.593108233035418,0.5946225624011084,1.0,0.886486605238548,1.0,True,,,,,,,,,
porto,roc_auc,gnb*knn,interaction,30,0.07067835272626596,0.00807396022522989,0.1142352631858862,0.07169586523825094,0.06610180900865013,0.07509123901077334,0.06781764208813876,0.07348478187789292,1.0,0.886486605238548,1.0,True,1.4666666666666666,1.0,3.0,0.6333333333333333,1.0,0.021726964873526624,0.009773527232104976,1.0,0.03168593064966122
porto,roc_auc,gnb*rf,interaction,30,0.008037031545380817,0.008755558686512623,1.0894020556065591,0.0061795271992904,0.002996323027194575,0.011833941187507824,0.005128176844567788,0.011196764037970276,0.8,0.6269430343619583,0.9049489287811706,False,9.2,8.0,10.0,0.0,0.0,0.03220669231538267,-0.00945892382835611,0.0,0.11578318055001993
porto,roc_auc,gnb*xgb,interaction,30,0.04724365490913477,0.008563009456029285,0.18125205326511665,0.04770706159381615,0.04215261111288188,0.0522476702509127,0.044311364770886395,0.05021665669740601,1.0,0.886486605238548,1.0,True,5.233333333333333,4.0,7.0,0.0,0.0,0.004123241023628595,0.01321635538829998,1.0,0.14766839378238342
porto,roc_auc,knn,linear,30,0.5686351400147893,0.0030988628031631744,0.005449650549353278,0.5685994691071519,0.5663905287277219,0.5711028449880673,0.5675591932427307,0.5697137833236063,1.0,0.886486605238548,1.0,True,,,,,,,,,
porto,roc_auc,knn*rf,interaction,30,0.05168524843788426,0.002467094184466252,0.047733042967399594,0.051712397712774597,0.05087798793345065,0.05315899452197687,0.050802501605782556,0.05253713215995778,1.0,0.886486605238548,1.0,True,4.3,4.0,5.0,0.0,0.0,0.0539336571889093,-0.012909777088466265,0.0,0.39418094858509367
porto,roc_auc,knn*xgb,interaction,30,0.06789293906050183,0.0034235133427649366,0.050425175138082055,0.06810160844131966,0.0658337709975065,0.0702885275271829,0.06668819228823464,0.06906224984986263,1.0,0.886486605238548,1.0,True,1.6666666666666667,1.0,3.0,0.36666666666666664,1.0,0.024888697955901838,0.004988982210737762,1.0,0.39418094858509367
porto,roc_auc,lr,linear,30,0.6254637090050664,0.0025863485800669663,0.004135089762731568,0.6260222453397415,0.6238756390050322,0.6271434584432924,0.6245061289415127,0.6263650992940688,1.0,0.886486605238548,1.0,True,,,,,,,,,
porto,roc_auc,lr*gnb,interaction,30,0.00145411765442529,0.009016619317760896,6.2007494994100245,-0.00012879328959335102,-0.004300465559903275,0.00423632723794595,-0.0015438281678120662,0.004743760492008775,0.4666666666666667,0.30232388795369436,0.6385770050304025,False,9.7,9.0,10.0,0.0,0.0,0.03663096069141328,-0.01290296118330239,0.0,0.1512554802710243
porto,roc_auc,lr*knn,interaction,30,0.0627865243583184,0.0027266365877918947,0.04342709865943791,0.06304840655799945,0.060820724429121606,0.06395877094261496,0.0618578701376716,0.06377029639451887,1.0,0.886486605238548,1.0,True,2.8666666666666667,2.0,3.0,0.0,1.0,0.0583579255649399,-0.012271072902684659,0.0,0.39418094858509367
porto,roc_auc,lr*rf,interaction,30,0.019827663067594765,0.0023601505987222767,0.11903322094370143,0.01938512550763595,0.018499239893317802,0.0216479914615677,0.019010036675472297,0.020643865740294053,1.0,0.886486605238548,1.0,True,8.1,8.0,9.0,0.0,0.0,0.004424268376030601,0.004441339818494313,1.0,0.8160621761658031
porto,roc_auc,lr*xgb,interaction,30,0.04448784309110924,0.003314517542052162,0.07450389391241488,0.04461654779500865,0.04357075166100245,0.04664258848955975,0.043275067056365586,0.045599409689805276,1.0,0.886486605238548,1.0,True,5.666666666666667,5.0,7.0,0.0,0.0,0.03346922760903806,-0.004241006401142885,0.0,0.9386209645277003
porto,roc_auc,rf,linear,30,0.6213238916781663,0.0028501298383998078,0.004587188544611962,0.6208572065184251,0.619784809996407,0.6234136680133501,0.6203266544636973,0.6223200818562991,1.0,0.886486605238548,1.0,True,,,,,,,,,
porto,roc_auc,rf*xgb,interaction,30,0.04102151434069237,0.0030716118332280913,0.07487807026619504,0.04148218591406215,0.03936181774083002,0.0426924915726807,0.03994745820354047,0.04209529142981983,1.0,0.886486605238548,1.0,True,6.8,6.0,7.0,0.0,0.0,0.02904495923300746,-0.0029267624381736764,0.03333333333333333,0.8160621761658031
porto,roc_auc,xgb,linear,30,0.5927863846230887,0.0034096118405982424,0.005751838991319235,0.5928895469639364,0.590792083536424,0.5942960864791893,0.591600582540906,0.5939799857754485,1.0,0.886486605238548,1.0,True,,,,,,,,,
porto,log_loss,gnb,linear,30,1.5320834154709275,0.16936569423730405,0.11054600064660637,1.543399448099101,1.464000007074345,1.6023354228741606,1.472081890189965,1.5902200775913617,1.0,0.886486605238548,1.0,True,,,,,,,,,
porto,log_loss,gnb*knn,interaction,30,-1.9014612214689424,0.22994085102872133,0.12092849879477655,-1.919449103672835,-1.9984223225829214,-1.8105430952542747,-1.980956856824299,-1.8214849164009421,0.0,0.0,0.11351339476145204,True,1.0,1.0,1.0,1.0,1.0,1.6994660316419852,0.1704925029795582,0.0,0.03168593064966122
porto,log_loss,gnb*rf,interaction,30,-1.8862589167078248,0.22797021641481352,0.12085839032782442,-1.9037630865538033,-1.9816601993846168,-1.7959520456676765,-1.9651425721238542,-1.8070538224562287,0.0,0.0,0.11351339476145204,True,3.0,3.0,3.0,0.0,1.0,1.7073146603442209,0.17808959278869346,0.0,0.11578318055001993
porto,log_loss,gnb*xgb,interaction,30,-1.8931983588835106,0.22970280424553385,0.12133055322369819,-1.9114562101095234,-1.9895821879387359,-1.8021820928552175,-1.972627604743369,-1.8132324582586008,0.0,0.0,0.11351339476145204,True,2.0,2.0,2.0,0.0,1.0,1.7016931650630867,0.17368414921787292,0.0,0.14766839378238342
porto,log_loss,knn,linear,30,0.14168597466618735,0.002464397746971077,0.01739337822799474,0.14161716900211885,0.1408576751895318,0.1425124147567455,0.14082153629658917,0.14254499941392146,1.0,0.886486605238548,1.0,True,,,,,,,,,
porto,log_loss,knn*rf,interaction,30,0.16393795393201785,0.021977001585183082,0.13405682490277115,0.16517771068449505,0.15555563888645918,0.17343628378727188,0.1563932192536608,0.1716246536438775,1.0,0.886486605238548,1.0,True,8.0,8.0,8.0,0.0,0.0,0.007848628702235783,0.0008859668174186754,0.0,0.39418094858509367
porto,log_loss,knn*xgb,interaction,30,0.16020083519199882,0.02195433435628071,0.13704257115743934,0.16157374731735025,0.15182048438103318,0.16976102162699247,0.1526689826028607,0.16789180947781693,1.0,0.886486605238548,1.0,True,10.0,10.0,10.0,0.0,0.0,0.002227133421101299,-0.002891122786439092,1.0,0.39418094858509367
porto,log_loss,lr,linear,30,0.1343192289298484,0.002359352505063377,0.017565262426391743,0.1342239934435372,0.13339067561314613,0.13541187081471392,0.1334950622321415,0.13512986401201332,1.0,0.886486605238548,1.0,True,,,,,,,,,
porto,log_loss,lr*gnb,interaction,30,-1.880084335994142,0.22805297964519655,0.12129933497084736,-1.8973899536086478,-1.9754248590827674,-1.7895972478708322,-1.9589353070480384,-1.8008350881180182,0.0,0.0,0.11351339476145204,True,4.0,4.0,4.0,0.0,0.0,1.7076345012726821,0.17967018539685892,0.0,0.1512554802710243
porto,log_loss,lr*knn,interaction,30,0.1632238803463193,0.021999227831524856,0.13477946845062208,0.16445608250805754,0.1548316037209716,0.17274646404878513,0.15565985143346384,0.1709186848748174,1.0,0.886486605238548,1.0,True,9.0,9.0,9.0,0.0,0.0,0.008168469630697029,0.0008372366862183603,0.0,0.39418094858509367
porto,log_loss,lr*rf,interaction,30,0.17361698325488242,0.02181358564498424,0.1256420036567523,0.1748953384901826,0.16516001054961588,0.18299194291036694,0.16615712871006863,0.1812596380360165,1.0,0.886486605238548,1.0,True,5.0,5.0,5.0,0.0,0.0,0.00031984092846124484,-0.0003150349682075263,1.0,0.8160621761658031
porto,log_loss,lr*xgb,interaction,30,0.16666594366460358,0.021852745096520063,0.1311170393664602,0.16793230949523535,0.1580752899957594,0.1759714002959716,0.159174431983427,0.17430266745231152,1.0,0.886486605238548,1.0,True,6.866666666666666,6.0,7.0,0.0,0.0,0.00594133620959573,0.0007226197658924146,0.0,0.9386209645277003
porto,log_loss,rf,linear,30,0.13467290527738232,0.002381483826693752,0.01768346663190098,0.13454194777796513,0.13372580506641923,0.13583748017640768,0.13383774497868647,0.1354938599430417,1.0,0.886486605238548,1.0,True,,,,,,,,,
porto,log_loss,rf*xgb,interaction,30,0.16674779512520607,0.02185505673089372,0.1310665410267248,0.16806028664060396,0.15813662803549328,0.17606430717036572,0.15926519992557264,0.1743989138451707,1.0,0.886486605238548,1.0,True,6.133333333333334,6.0,7.0,0.0,0.0,0.005621495281134484,0.0006075404031004686,0.0,0.8160621761658031
porto,log_loss,xgb,linear,30,0.13979104699074962,0.002415804574776111,0.017281540032645808,0.13957600506154624,0.13891942467529167,0.1408967213673081,0.13894442932261936,0.14061358360947526,1.0,0.886486605238548,1.0,True,,,,,,,,,
uci_credit,roc_auc,gnb,linear,30,0.6632536470795315,0.007331498233665142,0.011053837797873448,0.6635508668997536,0.6584464038374513,0.6663991817085266,0.6608034593061552,0.6658577903293295,1.0,0.886486605238548,1.0,True,,,,,,,,,
uci_credit,roc_auc,gnb*knn,interaction,30,0.07584725733219574,0.006793079073370832,0.08956261982708894,0.0753865526034561,0.07041218798309293,0.07998735222464573,0.07348048173284506,0.07825246726199943,1.0,0.886486605238548,1.0,True,5.066666666666666,3.0,6.0,0.0,0.03333333333333333,0.09878203431883019,-0.027777621183928975,0.0,0.11710651650137278
uci_credit,roc_auc,gnb*rf,interaction,30,0.10284193659581999,0.007078914987383786,0.06883296077168104,0.10276982706135745,0.09816816963214325,0.10928833993975848,0.10034399353034165,0.10530617780412796,1.0,0.886486605238548,1.0,True,2.0,2.0,2.0,0.0,1.0,0.124622939843739,-0.03514869486204475,0.0,0.37832688967333444
uci_credit,roc_auc,gnb*xgb,interaction,30,0.13007253865240245,0.007976486700073816,0.061323372194569604,0.13011551829170148,0.12459619949601033,0.13669802473945192,0.1272382890404996,0.13280082418888806,1.0,0.886486605238548,1.0,True,1.0,1.0,1.0,1.0,1.0,0.1067492878207493,-0.020095231992085013,0.0,0.5815543228553819
uci_credit,roc_auc,knn,linear,30,0.7574603049895567,0.002198612951780337,0.0029026114468277643,0.7573564586998425,0.756145158078559,0.7584467724683706,0.7566649758103255,0.7582081939787823,1.0,0.886486605238548,1.0,True,,,,,,,,,
uci_credit,roc_auc,knn*rf,interaction,30,0.037896306557050084,0.0015803196387070746,0.041701151966564876,0.0377730810889873,0.03654445109546315,0.0386465509885984,0.03734224674950676,0.038458143233162094,1.0,0.886486605238548,1.0,True,9.0,9.0,9.0,0.0,0.0,0.025840905524908787,-0.003578161271130705,0.0,0.2391998655236174
uci_credit,roc_auc,knn*xgb,interaction,30,0.058390131205624855,0.002296611989168042,0.03933219435798774,0.0587356399298277,0.0569173222332341,0.060064378878244326,0.05757385649326443,0.0591755463648554,1.0,0.886486605238548,1.0,True,7.166666666666667,7.0,8.0,0.0,0.0,0.007967253501919102,0.009196526524264177,1.0,0.24071272482770215
uci_credit,roc_auc,lr,linear,30,0.7224243758417693,0.001706900029910204,0.0023627386990109837,0.7222249300883142,0.7216400889171752,0.7236170731090877,0.7218123303548254,0.7230283900327277,1.0,0.886486605238548,1.0,True,,,,,,,,,
uci_credit,roc_auc,lr*gnb,interaction,30,0.07827723210577105,0.007670380857003634,0.09798993462925638,0.07844408910410966,0.07122811815575655,0.08269741424348875,0.07565146925879182,0.08100374512393198,1.0,0.886486605238548,1.0,True,4.233333333333333,3.0,6.0,0.0,0.16666666666666666,0.06549746420923853,-0.01144649695254876,0.0,0.5885583011150334
uci_credit,roc_auc,lr*knn,interaction,30,0.05588823921560153,0.002784665364013388,0.04982560558529875,0.0557569772796213,0.054630444674471895,0.056752693056410876,0.05492082621390261,0.05686940255614567,1.0,0.886486605238548,1.0,True,7.833333333333333,7.0,8.0,0.0,0.0,0.03328457010959166,-0.003708449816734305,0.0,0.23180366448142545
uci_credit,roc_auc,lr*rf,interaction,30,0.0720853127243978,0.0025827622039560245,0.035829243244468435,0.07257764886581736,0.0696886113732435,0.0740668940343063,0.07117959486615166,0.07299671969462825,1.0,0.886486605238548,1.0,True,5.4,4.0,6.0,0.0,0.0,0.05912547563450045,-0.011964134071830597,0.0,0.6893035244018603
uci_credit,roc_auc,lr*xgb,interaction,30,0.08606390369301128,0.0033127384530665495,0.0384916127542046,0.08592751443742495,0.08413144601192225,0.08857243080008032,0.0848810755753005,0.08717395991228706,1.0,0.886486605238548,1.0,True,3.3,3.0,5.0,0.0,0.8,0.041251823611510766,-0.0011982724790545593,0.03333333333333333,0.9668851907883678
uci_credit,roc_auc,rf,linear,30,0.7828103986273511,0.0018565153032609368,0.0023716027616857344,0.782792181491715,0.7812374571974106,0.7842533865366932,0.7821629318596335,0.7834678604911617,1.0,0.886486605238548,1.0,True,,,,,,,,,
uci_credit,roc_auc,rf*xgb,interaction,30,0.026421293248009046,0.0012496361307784878,0.04729655429991691,0.02639747261977235,0.025542344748451875,0.027213192195787574,0.025974630258499744,0.02686261801585935,1.0,0.886486605238548,1.0,True,10.0,10.0,10.0,0.0,0.0,0.017873652022989683,-0.003297530873541029,0.0,0.6984367120524458
uci_credit,roc_auc,xgb,linear,30,0.7629696084400986,0.0021009405440144385,0.002753635951908804,0.7626071301445402,0.7618492929705301,0.7637882134513555,0.7622488251544424,0.7637170423944848,1.0,0.886486605238548,1.0,True,,,,,,,,,
uci_credit,log_loss,gnb,linear,30,1.1215477724902658,0.08071026866952634,0.07196329095310726,1.1099423590662418,1.072754830801681,1.1573413237124353,1.0938424855095048,1.149935111710045,1.0,0.886486605238548,1.0,True,,,,,,,,,
uci_credit,log_loss,gnb*knn,interaction,30,-0.7269733723216424,0.10280717281260639,0.14141807214242827,-0.7107300705671332,-0.7693226759876316,-0.6673656588669568,-0.7635239408817746,-0.6917942561105488,0.0,0.0,0.11351339476145204,True,2.0,2.0,2.0,0.0,1.0,0.7156549568066646,0.1510119172973624,0.0,0.11710651650137278
uci_credit,log_loss,gnb*rf,interaction,30,-0.7045883698207216,0.10191081284230176,0.14463879508574967,-0.6870370638326677,-0.7452572607305413,-0.6447624176776676,-0.7407743403163102,-0.6698858707739379,0.0,0.0,0.11351339476145204,True,3.0,3.0,3.0,0.0,1.0,0.7331594863377116,0.16538877011725223,0.0,0.37832688967333444
uci_credit,log_loss,gnb*xgb,interaction,30,-0.7559325267523286,0.10120650897457281,0.13388299271812099,-0.7392112707894324,-0.7967339266402044,-0.6968619321322831,-0.7919420686665455,-0.7214060416575425,0.0,0.0,0.11351339476145204,True,1.0,1.0,1.0,1.0,1.0,0.7053649411933341,0.1385114039606163,0.0,0.5815543228553819
uci_credit,log_loss,knn,linear,30,0.44263251362985057,0.0017476133299344522,0.0039482262963535615,0.4429992811601174,0.4414454291435613,0.44371857919916835,0.44202629548938316,0.44325155033177255,1.0,0.886486605238548,1.0,True,,,,,,,,,
uci_credit,log_loss,knn*rf,interaction,30,0.0011926020334739056,0.007009401371097569,5.877401827565252,-0.00017421554873476875,-0.00275734855980025,0.0038580852589665,-0.0011317999635769072,0.003739981278835309,0.4666666666666667,0.30232388795369436,0.6385770050304025,False,9.6,7.0,10.0,0.0,0.0,0.017504529531046895,0.0036277095870485,0.0,0.2391998655236174
uci_credit,log_loss,knn*xgb,interaction,30,-0.040900576081882724,0.00711686657629,0.17400406688751946,-0.042045302696870804,-0.04433791832811975,-0.039178006107349075,-0.04326896268937572,-0.038280596986679294,0.0,0.0,0.11351339476145204,True,6.0,6.0,6.0,0.0,0.0,0.010290015613330534,-0.011171493707196117,1.0,0.24071272482770215
uci_credit,log_loss,lr,linear,30,0.46256598410867045,0.0015516926083870462,0.003354532459573395,0.4627085999448216,0.46166000905167015,0.4636972937620438,0.4620147887612487,0.46311325890681243,1.0,0.886486605238548,1.0,True,,,,,,,,,
uci_credit,log_loss,lr*gnb,interaction,30,-0.6877436938764228,0.10036689977873899,0.14593648865470138,-0.6712507170692059,-0.7282902911196272,-0.629809998551324,-0.7234231307449958,-0.653454979439709,0.0,0.0,0.11351339476145204,True,4.0,4.0,4.0,0.0,0.0,0.6951953976942852,0.14988069886093588,0.0,0.5885583011150334
uci_credit,log_loss,lr*knn,interaction,30,-0.015413036831479172,0.00685157293883322,0.44453101706989706,-0.0162608441833201,-0.02002523855359955,-0.013219837183407074,-0.017681907454211023,-0.012922822519822425,0.06666666666666667,0.018477023624516822,0.21323458516874166,False,9.033333333333333,8.0,10.0,0.0,0.0,0.02045955911237946,0.0005973714607250287,0.06666666666666667,0.23180366448142545
uci_credit,log_loss,lr*rf,interaction,30,-0.017218045286485285,0.0068832231946155155,0.39976798063240465,-0.0182856793753269,-0.02145794207073325,-0.0153019274470366,-0.01950927719699198,-0.014702011544822329,0.06666666666666667,0.018477023624516822,0.21323458516874166,False,8.166666666666666,8.0,10.0,0.0,0.0,0.037964088643426354,0.009018196594705215,0.0,0.6893035244018603
uci_credit,log_loss,lr*xgb,interaction,30,-0.05923851899832331,0.007231642045929705,0.12207668537652655,-0.0609040391829282,-0.06298966504781675,-0.0572233956092476,-0.06162427317385758,-0.05657703610253825,0.0,0.0,0.11351339476145204,True,5.0,5.0,5.0,0.0,0.0,0.010169543499048929,-0.016098289883590727,1.0,0.9668851907883678
uci_credit,log_loss,rf,linear,30,0.4256308328634125,0.0018639336470190188,0.00437922608773309,0.4260931406901046,0.42428523460619194,0.4268774121535931,0.42496590483489277,0.42629541581650426,1.0,0.886486605238548,1.0,True,,,,,,,,,
uci_credit,log_loss,rf*xgb,interaction,30,-0.02012467389352882,0.007057518112393546,0.35068981240301855,-0.02137682006800075,-0.024017916420512722,-0.017893765354236275,-0.022504339052472722,-0.017554330912079814,0.0,0.0,0.11351339476145204,True,7.2,7.0,10.0,0.0,0.0,0.027794545144377434,0.0028259221798189126,0.0,0.6984367120524458
uci_credit,log_loss,xgb,linear,30,0.45092972731187764,0.002389057286608506,0.0052980700581670825,0.4515962350310166,0.44934153687650874,0.4523516758977578,0.45007739476129327,0.4517804717954006,1.0,0.886486605238548,1.0,True,,,,,,,,,
