metric,dataset,response,n_r10,n_r30,r10_estimate,r30_estimate,abs_change,rel_change,r30_ci95_lo,r30_ci95_hi,r10_median,r30_median,term,set,cost
scheffe_r2_external,santander,roc_auc,10,30,-0.2754893991125865,-0.3711970585083073,-0.09570765939572079,-0.3474095907284155,-0.558516417416433,-0.1990398538936346,-0.4031436157512447,-0.3331515375651395,,,
reliability_gate_pass,santander,roc_auc,10,30,0.0,0.0,0.0,,0.0,0.0,0.0,0.0,,,
scheffe_r2_external,santander,log_loss,10,30,0.9731381897296787,0.9699885075572342,-0.00314968217244449,-0.0032366237454101135,0.9672643828543604,0.9725004663288672,0.9731716575763008,0.9708990077863149,,,
reliability_gate_pass,santander,log_loss,10,30,1.0,1.0,0.0,0.0,1.0,1.0,1.0,1.0,,,
scheffe_r2_external,bnp,roc_auc,10,30,-0.008739402179287658,0.11251622279691022,0.12125562497619788,13.874590331083875,-0.03446341127374198,0.24410702162049366,0.026562285341100847,0.11772577627923811,,,
reliability_gate_pass,bnp,roc_auc,10,30,0.2,0.16666666666666666,-0.033333333333333354,-0.16666666666666677,0.03333333333333333,0.3,0.0,0.0,,,
scheffe_r2_external,bnp,log_loss,10,30,0.08679870877278481,-0.1042060566229553,-0.19100476539574013,-2.2005484654816487,-0.24591906238584224,0.04177801123865917,0.08124394281650255,-0.18018989830173926,,,
reliability_gate_pass,bnp,log_loss,10,30,0.2,0.1,-0.1,-0.5,0.0,0.2,0.0,0.0,,,
scheffe_r2_external,porto,roc_auc,10,30,0.5196346269518001,0.5306594688681051,0.01102484191630504,0.02121652666023674,0.48218467006315363,0.5805174489333548,0.518959733982185,0.518959733982185,,,
reliability_gate_pass,porto,roc_auc,10,30,0.6,0.5333333333333333,-0.06666666666666665,-0.11111111111111109,0.36666666666666664,0.7,1.0,1.0,,,
scheffe_r2_external,porto,log_loss,10,30,0.6091703150434158,0.5356543422274878,-0.07351597281592803,-0.12068213273112056,0.4921729431713553,0.5797503612949617,0.6218525098928903,0.5055930958997368,,,
reliability_gate_pass,porto,log_loss,10,30,0.5,0.4,-0.09999999999999998,-0.19999999999999996,0.23333333333333334,0.5666666666666667,0.5,0.0,,,
scheffe_r2_external,uci_credit,roc_auc,10,30,0.9927632787821958,0.9907320321925481,-0.002031246589647706,-0.00204605330702743,0.9891896783486439,0.9921427687601193,0.9939820559986268,0.9915278413210841,,,
reliability_gate_pass,uci_credit,roc_auc,10,30,1.0,1.0,0.0,0.0,1.0,1.0,1.0,1.0,,,
scheffe_r2_external,uci_credit,log_loss,10,30,0.9938285719321456,0.9919403343542368,-0.0018882375779087912,-0.0018999630632854376,0.9905134442439545,0.9932277852706686,0.9945516802425718,0.9925870077462822,,,
reliability_gate_pass,uci_credit,log_loss,10,30,1.0,1.0,0.0,0.0,1.0,1.0,1.0,1.0,,,
beta_linear,santander,roc_auc,10,30,0.8860899990833089,0.8862689850586476,0.00017898597533871907,0.00020199525502362776,0.8860681987519129,0.8864720519695019,0.8862858516941245,0.8863275101853816,gnb,,
beta_linear,santander,roc_auc,10,30,0.7571182055363859,0.7565468119542107,-0.0005713935821751726,-0.0007546953408290646,0.7559217024284975,0.7571509705674547,0.7571798935273497,0.7567247899205081,knn,,
beta_linear,santander,roc_auc,10,30,0.857817087855252,0.8580073517659937,0.0001902639107417281,0.00022180009402404587,0.857748549406536,0.858259183435123,0.8580744404290255,0.8580554559584903,lr,,
beta_linear,santander,roc_auc,10,30,0.8490204778308135,0.84930807634901,0.00028759851819648574,0.0003387415565420511,0.8489335846806483,0.8496736861688602,0.8491813230550428,0.8494330223397584,rf,,
beta_linear,santander,roc_auc,10,30,0.8800264025144824,0.880287283602833,0.0002608810883506507,0.0002964468879629523,0.8800069528215068,0.8805860727782593,0.8799206984157524,0.8801906926090601,xgb,,
beta_interaction_top3,santander,roc_auc,10,30,0.24230918041713742,0.2431857582228977,0.0008765778057602813,0.003617600473293025,0.24225429824864478,0.244153378237943,0.24194647512705655,0.24271896474466254,gnb*knn,,
beta_interaction_sign_pos_freq,santander,roc_auc,10,30,1.0,1.0,0.0,0.0,1.0,1.0,1.0,1.0,gnb*knn,,
beta_interaction_top3,santander,roc_auc,10,30,0.23109812028416074,0.23200486869298667,0.0009067484088259303,0.0039236511647562635,0.23106923066895174,0.2329488323635885,0.23063640701208193,0.2319883730412145,knn*xgb,,
beta_interaction_sign_pos_freq,santander,roc_auc,10,30,1.0,1.0,0.0,0.0,1.0,1.0,1.0,1.0,knn*xgb,,
beta_interaction_top3,santander,roc_auc,10,30,0.19868804734083942,0.19926356485625898,0.0005755175154195658,0.0028965885121025633,0.19852110769521086,0.2000194938266574,0.1986708561015974,0.1993726167355245,knn*rf,,
beta_interaction_sign_pos_freq,santander,roc_auc,10,30,1.0,1.0,0.0,0.0,1.0,1.0,1.0,1.0,knn*rf,,
beta_linear,santander,log_loss,10,30,0.21159625600741533,0.21144148330020884,-0.00015477270720648528,-0.0007314529572822939,0.21128565470516508,0.21159385549112472,0.2115911886109389,0.2115100114568218,gnb,,
beta_linear,santander,log_loss,10,30,0.3402216330447252,0.340519105111804,0.0002974720670788078,0.000874347890275697,0.340278703013075,0.34076015693557543,0.3403734644778137,0.340459714987418,knn,,
beta_linear,santander,log_loss,10,30,0.23234764642630612,0.23223261000759773,-0.00011503641870838632,-0.0004951047298207624,0.23207797876315123,0.23238833481293966,0.2322966545736521,0.23221153352715912,lr,,
beta_linear,santander,log_loss,10,30,0.27507070950520685,0.2750493114258957,-2.1398079311119034e-05,-7.779119539702931e-05,0.27494881532577137,0.2751446562899506,0.2752156247299945,0.2750873162662872,rf,,
beta_linear,santander,log_loss,10,30,0.2201279054453567,0.2199990095890708,-0.00012889585628592104,-0.0005855498239768488,0.21978650453450224,0.2201976377484955,0.2202618161328147,0.2200353023650248,xgb,,
beta_interaction_top3,santander,log_loss,10,30,-0.1735054029387973,-0.17401438229779967,-0.0005089793590023761,-0.002933507259032819,-0.17443422170837247,-0.17360570190579327,-0.17317560200188614,-0.17375625542468498,gnb*knn,,
beta_interaction_sign_pos_freq,santander,log_loss,10,30,0.0,0.0,0.0,,0.0,0.0,0.0,0.0,gnb*knn,,
beta_interaction_top3,santander,log_loss,10,30,-0.14718188513249936,-0.14760326400828958,-0.00042137887579021815,-0.0028629805591284217,-0.14797435412376247,-0.14724279814884997,-0.14684179985534884,-0.1474675770575547,lr*knn,,
beta_interaction_sign_pos_freq,santander,log_loss,10,30,0.0,0.0,0.0,,0.0,0.0,0.0,0.0,lr*knn,,
beta_interaction_top3,santander,log_loss,10,30,-0.13626254136286176,-0.1367395465361208,-0.00047700517325904856,-0.0035006331783347757,-0.13717612243530783,-0.136313776208323,-0.1363256281270932,-0.13664936777441164,knn*xgb,,
beta_interaction_sign_pos_freq,santander,log_loss,10,30,0.0,0.0,0.0,,0.0,0.0,0.0,0.0,knn*xgb,,
beta_linear,bnp,roc_auc,10,30,0.6338588659706083,0.6371748231152633,0.003315957144655046,0.005231380868322201,0.634202845844706,0.6399851765007994,0.6289162026156446,0.6425765507218231,gnb,,
beta_linear,bnp,roc_auc,10,30,0.6822804634305482,0.6820063795858391,-0.000274083844709061,-0.00040171726936302787,0.6815235005079368,0.6824955687856835,0.6822668975177713,0.6821248224365715,knn,,
beta_linear,bnp,roc_auc,10,30,0.7341468595894348,0.7342704454710341,0.0001235858815993307,0.0001683394541365266,0.7339618701367755,0.7345821233636428,0.7340257138514341,0.734398192866917,lr,,
beta_linear,bnp,roc_auc,10,30,0.7429422504345898,0.7429583805935474,1.6130158957516905e-05,2.1711188114663613e-05,0.7426329002901113,0.7432902389343269,0.7428463917259474,0.7428008330175554,rf,,
beta_linear,bnp,roc_auc,10,30,0.7468521428465196,0.7471231190507515,0.0002709762042318875,0.0003628244316192234,0.7466171949543333,0.7476610340100824,0.7469882613312784,0.7470844362716529,xgb,,
beta_interaction_top3,bnp,roc_auc,10,30,0.15716987646786904,0.14776322524485647,-0.009406651223012569,-0.059850217067108365,0.1391195330280867,0.1570322481219169,0.16978854963717854,0.13348638614339936,gnb*xgb,,
beta_interaction_sign_pos_freq,bnp,roc_auc,10,30,1.0,1.0,0.0,0.0,1.0,1.0,1.0,1.0,gnb*xgb,,
beta_interaction_top3,bnp,roc_auc,10,30,0.14721604316281814,0.13858575382290317,-0.00863028933991497,-0.058623293728727884,0.1304222850358518,0.14731722363252858,0.15849838163022817,0.1248845028047503,gnb*rf,,
beta_interaction_sign_pos_freq,bnp,roc_auc,10,30,1.0,1.0,0.0,0.0,1.0,1.0,1.0,1.0,gnb*rf,,
beta_interaction_top3,bnp,roc_auc,10,30,0.14127130611492753,0.13294981855430896,-0.008321487560618568,-0.05890430115970502,0.12490654441542906,0.14152648320512673,0.15344632231846994,0.1179829631275211,lr*gnb,,
beta_interaction_sign_pos_freq,bnp,roc_auc,10,30,1.0,1.0,0.0,0.0,1.0,1.0,1.0,1.0,lr*gnb,,
beta_linear,bnp,log_loss,10,30,3.1043307947022165,3.0355241758095333,-0.06880661889268325,-0.02216471872459827,2.978212639772743,3.0952457875872548,3.2154655675016333,2.9384495429676845,gnb,,
beta_linear,bnp,log_loss,10,30,0.4700850573049615,0.47134141438988614,0.0012563570849246641,0.00267261650929189,0.47034419214847206,0.4722897181212145,0.4687079031040192,0.4727433484241725,knn,,
beta_linear,bnp,log_loss,10,30,0.44150165348783477,0.4425980619151891,0.0010964084273543118,0.002483361995799462,0.4416344512027117,0.44352286972589855,0.44018457758299456,0.44409964401352886,lr,,
beta_linear,bnp,log_loss,10,30,0.4398954793282043,0.44098716642129465,0.0010916870930903766,0.0024816965492747726,0.4400514514391337,0.44187610616807693,0.4385751609101368,0.4422790155119823,rf,,
beta_linear,bnp,log_loss,10,30,0.4310759146150415,0.4321817284440448,0.001105813829003266,0.002565241507382238,0.43123395848474677,0.4330918262551776,0.430382116726153,0.4328429539258599,xgb,,
beta_interaction_top3,bnp,log_loss,10,30,-4.023220100587851,-3.9213717896518228,0.10184831093602842,0.025315122809499508,-4.01028319733441,-3.8359761960910275,-4.186461492909318,-3.77235256565817,gnb*xgb,,
beta_interaction_sign_pos_freq,bnp,log_loss,10,30,0.0,0.0,0.0,,0.0,0.0,0.0,0.0,gnb*xgb,,
beta_interaction_top3,bnp,log_loss,10,30,-3.992913000920151,-3.891710231327972,0.10120276959217867,0.025345598456279136,-3.979719269311427,-3.8072070541622787,-4.153596586661461,-3.7469199537669375,gnb*rf,,
beta_interaction_sign_pos_freq,bnp,log_loss,10,30,0.0,0.0,0.0,,0.0,0.0,0.0,0.0,gnb*rf,,
beta_interaction_top3,bnp,log_loss,10,30,-3.9869928649811195,-3.888099351389626,0.09889351359149368,0.024804035758404095,-3.9746286897898893,-3.804981749084828,-4.144729515123673,-3.7441316657629726,gnb*knn,,
beta_interaction_sign_pos_freq,bnp,log_loss,10,30,0.0,0.0,0.0,,0.0,0.0,0.0,0.0,gnb*knn,,
beta_linear,porto,roc_auc,10,30,0.5946861262552698,0.5938709208920829,-0.0008152053631869105,-0.0013708161788139354,0.593108233035418,0.5946225624011084,0.5952478195546412,0.5941264010474269,gnb,,
beta_linear,porto,roc_auc,10,30,0.568701857668668,0.5686351400147893,-6.671765387866735e-05,-0.00011731569534899919,0.5675591932427307,0.5697137833236063,0.568507569043661,0.5685994691071519,knn,,
beta_linear,porto,roc_auc,10,30,0.624724866510079,0.6254637090050664,0.0007388424949874572,0.0011826686187711357,0.6245061289415127,0.6263650992940688,0.625352515965804,0.6260222453397415,lr,,
beta_linear,porto,roc_auc,10,30,0.6200160066216213,0.6213238916781663,0.0013078850565449995,0.0021094375670581127,0.6203266544636973,0.6223200818562991,0.6199200992583618,0.6208572065184251,rf,,
beta_linear,porto,roc_auc,10,30,0.5917516430594195,0.5927863846230887,0.001034741563669228,0.0017486078421675402,0.591600582540906,0.5939799857754485,0.5927373115676193,0.5928895469639364,xgb,,
beta_interaction_top3,porto,roc_auc,10,30,0.07140665745497908,0.07067835272626596,-0.0007283047287131167,-0.010199395331903092,0.06781764208813876,0.07348478187789292,0.07197158408377219,0.07169586523825094,gnb*knn,,
beta_interaction_sign_pos_freq,porto,roc_auc,10,30,1.0,1.0,0.0,0.0,1.0,1.0,1.0,1.0,gnb*knn,,
beta_interaction_top3,porto,roc_auc,10,30,0.06758454925364216,0.06789293906050183,0.00030838980685966855,0.004563022321896292,0.06668819228823464,0.06906224984986263,0.0666016854336576,0.06810160844131966,knn*xgb,,
beta_interaction_sign_pos_freq,porto,roc_auc,10,30,1.0,1.0,0.0,0.0,1.0,1.0,1.0,1.0,knn*xgb,,
beta_interaction_top3,porto,roc_auc,10,30,0.06239053389881309,0.0627865243583184,0.00039599045950530765,0.006346963790172677,0.0618578701376716,0.06377029639451887,0.062115221522545144,0.06304840655799945,lr*knn,,
beta_interaction_sign_pos_freq,porto,roc_auc,10,30,1.0,1.0,0.0,0.0,1.0,1.0,1.0,1.0,lr*knn,,
beta_linear,porto,log_loss,10,30,1.5518306741491956,1.5320834154709275,-0.019747258678268098,-0.012725137482602412,1.472081890189965,1.5902200775913617,1.5468897538575117,1.543399448099101,gnb,,
beta_linear,porto,log_loss,10,30,0.1414563664725061,0.14168597466618735,0.00022960819368125773,0.001623173275314442,0.14082153629658917,0.14254499941392146,0.1415269948676136,0.14161716900211885,knn,,
beta_linear,porto,log_loss,10,30,0.13416397485263207,0.1343192289298484,0.000155254077216338,0.0011571964634088372,0.1334950622321415,0.13512986401201332,0.1342451999188042,0.1342239934435372,lr,,
beta_linear,porto,log_loss,10,30,0.13455789459006623,0.13467290527738232,0.00011501068731609165,0.0008547301343148568,0.13383774497868647,0.1354938599430417,0.13451068871505856,0.13454194777796513,rf,,
beta_linear,porto,log_loss,10,30,0.13965694286428693,0.13979104699074962,0.00013410412646269743,0.0009602395964876196,0.13894442932261936,0.14061358360947526,0.139530427613548,0.13957600506154624,xgb,,
beta_interaction_top3,porto,log_loss,10,30,-1.9256498553205201,-1.9014612214689424,0.024188633851577768,0.012561283550457112,-1.980956856824299,-1.8214849164009421,-1.919449103672835,-1.919449103672835,gnb*knn,,
beta_interaction_sign_pos_freq,porto,log_loss,10,30,0.0,0.0,0.0,,0.0,0.0,0.0,0.0,gnb*knn,,
beta_interaction_top3,porto,log_loss,10,30,-1.9175867681866055,-1.8931983588835106,0.024388409303094827,0.012718282013469508,-1.972627604743369,-1.8132324582586008,-1.9115618648604904,-1.9114562101095234,gnb*xgb,,
beta_interaction_sign_pos_freq,porto,log_loss,10,30,0.0,0.0,0.0,,0.0,0.0,0.0,0.0,gnb*xgb,,
beta_interaction_top3,porto,log_loss,10,30,-1.9100936531763621,-1.8862589167078248,0.0238347364685374,0.012478307767214333,-1.9651425721238542,-1.8070538224562287,-1.9037630865538033,-1.9037630865538033,gnb*rf,,
beta_interaction_sign_pos_freq,porto,log_loss,10,30,0.0,0.0,0.0,,0.0,0.0,0.0,0.0,gnb*rf,,
beta_linear,uci_credit,roc_auc,10,30,0.6642177028453916,0.6632536470795315,-0.0009640557658601168,-0.0014514153442918966,0.6608034593061552,0.6658577903293295,0.6646591285576902,0.6635508668997536,gnb,,
beta_linear,uci_credit,roc_auc,10,30,0.7570951376656255,0.7574603049895567,0.00036516732393121476,0.00048232686456968444,0.7566649758103255,0.7582081939787823,0.7571873203258437,0.7573564586998425,knn,,
beta_linear,uci_credit,roc_auc,10,30,0.7220893960942099,0.7224243758417693,0.0003349797475594718,0.000463903429923471,0.7218123303548254,0.7230283900327277,0.7219624746548605,0.7222249300883142,lr,,
beta_linear,uci_credit,roc_auc,10,30,0.7828819932386031,0.7828103986273511,-7.15946112519461e-05,-9.145006766061336e-05,0.7821629318596335,0.7834678604911617,0.7831863657664906,0.782792181491715,rf,,
beta_linear,uci_credit,roc_auc,10,30,0.7632970388720457,0.7629696084400986,-0.0003274304319470511,-0.0004289685604321328,0.7622488251544424,0.7637170423944848,0.7627834449371923,0.7626071301445402,xgb,,
beta_interaction_top3,uci_credit,roc_auc,10,30,0.12867004610719404,0.13007253865240245,0.0014024925452084114,0.010899914841407654,0.1272382890404996,0.13280082418888806,0.12620884145137906,0.13011551829170148,gnb*xgb,,
beta_interaction_sign_pos_freq,uci_credit,roc_auc,10,30,1.0,1.0,0.0,0.0,1.0,1.0,1.0,1.0,gnb*xgb,,
beta_interaction_top3,uci_credit,roc_auc,10,30,0.10144658117293237,0.10284193659581999,0.0013953554228876147,0.013754583020486438,0.10034399353034165,0.10530617780412796,0.09987143980113711,0.10276982706135745,gnb*rf,,
beta_interaction_sign_pos_freq,uci_credit,roc_auc,10,30,1.0,1.0,0.0,0.0,1.0,1.0,1.0,1.0,gnb*rf,,
beta_interaction_top3,uci_credit,roc_auc,10,30,0.08762424223977212,0.08606390369301128,-0.0015603385467608394,-0.017807155952244125,0.0848810755753005,0.08717395991228706,0.08815888777365435,0.08592751443742495,lr*xgb,,
beta_interaction_sign_pos_freq,uci_credit,roc_auc,10,30,1.0,1.0,0.0,0.0,1.0,1.0,1.0,1.0,lr*xgb,,
beta_linear,uci_credit,log_loss,10,30,1.0976659073056492,1.1215477724902658,0.023881865184616657,0.021756952662616187,1.0938424855095048,1.149935111710045,1.1003762888644633,1.1099423590662418,gnb,,
beta_linear,uci_credit,log_loss,10,30,0.44291933234141145,0.44263251362985057,-0.0002868187115608878,-0.0006475642190750029,0.44202629548938316,0.44325155033177255,0.44311009427987946,0.4429992811601174,knn,,
beta_linear,uci_credit,log_loss,10,30,0.4628389063267302,0.46256598410867045,-0.0002729222180597457,-0.0005896700003587916,0.4620147887612487,0.46311325890681243,0.4632049934254009,0.4627085999448216,lr,,
beta_linear,uci_credit,log_loss,10,30,0.4256598159482117,0.4256308328634125,-2.8983084799150127e-05,-6.808978370341724e-05,0.42496590483489277,0.42629541581650426,0.4263957257700214,0.4260931406901046,rf,,
beta_linear,uci_credit,log_loss,10,30,0.45104515842618936,0.45092972731187764,-0.00011543111431172592,-0.00025591919601685624,0.45007739476129327,0.4517804717954006,0.4522735854376724,0.4515962350310166,xgb,,
beta_interaction_top3,uci_credit,log_loss,10,30,-0.7264122507890112,-0.7559325267523286,-0.02952027596331741,-0.04063846105466037,-0.7919420686665455,-0.7214060416575425,-0.7261565386664595,-0.7392112707894324,gnb*xgb,,
beta_interaction_sign_pos_freq,uci_credit,log_loss,10,30,0.0,0.0,0.0,,0.0,0.0,0.0,0.0,gnb*xgb,,
beta_interaction_top3,uci_credit,log_loss,10,30,-0.6974454281911846,-0.7269733723216424,-0.029527944130457784,-0.04233728251260907,-0.7635239408817746,-0.6917942561105488,-0.6973056215125673,-0.7107300705671332,gnb*knn,,
beta_interaction_sign_pos_freq,uci_credit,log_loss,10,30,0.0,0.0,0.0,,0.0,0.0,0.0,0.0,gnb*knn,,
beta_interaction_top3,uci_credit,log_loss,10,30,-0.6753537678070505,-0.7045883698207216,-0.029234602013671118,-0.04328783432807246,-0.7407743403163102,-0.6698858707739379,-0.6755360849288851,-0.6870370638326677,gnb*rf,,
beta_interaction_sign_pos_freq,uci_credit,log_loss,10,30,0.0,0.0,0.0,,0.0,0.0,0.0,0.0,gnb*rf,,
igd_plus,santander,,10,30,0.0953545166183687,0.13209156080957316,0.03673704419120445,0.3852680029645033,0.10780091988583984,0.15734798476943782,0.0833370385864244,0.1362161285278349,,nbi_A,weighted
hv_ratio,santander,,10,30,0.8456413174259442,0.8003905513361661,-0.04525076608977807,-0.05351059031448146,0.7672766480639689,0.8326901439811526,0.8519895242111306,0.7887365224125442,,nbi_A,weighted
joint_nondominated_fraction_all_valid,santander,,10,30,0.00488215488215487,0.004781568303580867,-0.00010058657857400267,-0.02060290609412336,0.0022446689113355734,0.007442348008385716,0.0,0.0,,nbi_A,weighted
n_front,santander,,10,30,12.5,12.8,0.3000000000000007,0.024000000000000056,12.266666666666667,13.3,13.0,13.0,,nbi_A,weighted
igd_plus,santander,,10,30,0.008514492905063491,0.012072620818536318,0.0035581279134728264,0.41789076027731964,0.010104558958338568,0.014236570523672101,0.0069718334370056,0.0104968855019776,,nbi_B,weighted
hv_ratio,santander,,10,30,0.98153099479647,0.979616131184968,-0.001914863611501949,-0.0019508946957900342,0.9772087728386742,0.9818402244807173,0.9833180306211949,0.9806986820418953,,nbi_B,weighted
joint_nondominated_fraction_all_valid,santander,,10,30,0.04342876328080547,0.04311961906606248,-0.00030914421474299153,-0.007118420866468152,0.03730690056072392,0.04911057845831969,0.0473174366616989,0.0454545454545454,,nbi_B,weighted
n_front,santander,,10,30,18.9,18.8,-0.09999999999999787,-0.005291005291005179,17.133333333333333,20.4,19.0,19.5,,nbi_B,weighted
igd_plus,santander,,10,30,0.00689626976506484,0.010455159047297238,0.003558889282232398,0.516060044556412,0.008434855209233197,0.012706377332151223,0.005051476784867601,0.00945820881648685,,nbi_C,weighted
hv_ratio,santander,,10,30,0.9909001721839941,0.9873075874880647,-0.0035925846959293795,-0.0036255768207317405,0.9845667739105843,0.9897517761011643,0.9930443550196182,0.9889728489362415,,nbi_C,weighted
joint_nondominated_fraction_all_valid,santander,,10,30,0.43832732082732084,0.3929462081128748,-0.04538111271444606,-0.10353247575075057,0.34823563612313607,0.43691467452300775,0.4587542087542087,0.4402356902356902,,nbi_C,weighted
n_front,santander,,10,30,38.3,33.36666666666667,-4.93333333333333,-0.1288076588337684,30.8,35.86666666666667,37.0,35.0,,nbi_C,weighted
igd_plus,santander,,10,30,0.007128207899008891,0.0075286371651076805,0.0004004292660987896,0.0561753068614154,0.006803162760475743,0.00830329255019931,0.0073134018049941,0.0073134018049941,,ws_random_scalarization,weighted
hv_ratio,santander,,10,30,0.9779707933677502,0.9767243550156903,-0.001246438352059842,-0.0012745149042412548,0.9748063548942633,0.9784734069238332,0.977842534023075,0.978194873211783,,ws_random_scalarization,weighted
joint_nondominated_fraction_all_valid,santander,,10,30,0.6636363636363637,0.7075757575757575,0.043939393939393834,0.06621004566210029,0.6737247474747474,0.7388888888888889,0.7196969696969697,0.7348484848484849,,ws_random_scalarization,weighted
n_front,santander,,10,30,49.1,55.2,6.100000000000001,0.12423625254582488,51.9,58.233333333333334,53.5,57.0,,ws_random_scalarization,weighted
igd_plus,santander,,10,30,0.5241208744366578,0.8300513683219738,0.305930493885316,0.5837021740722311,0.6331544289481955,1.0467666086091845,0.3605561556856657,0.7147978029428913,,random_dirichlet_budget,weighted
hv_ratio,santander,,10,30,0.44830917619197336,0.27765855409977563,-0.17065062209219772,-0.3806538682561392,0.17815404082542483,0.3804189396965393,0.5622621545881965,0.21459160037639805,,random_dirichlet_budget,weighted
joint_nondominated_fraction_all_valid,santander,,10,30,0.0,0.0,0.0,,0.0,0.0,0.0,0.0,,random_dirichlet_budget,weighted
n_front,santander,,10,30,5.0,6.266666666666667,1.2666666666666666,0.2533333333333333,5.466666666666667,7.066666666666666,5.0,6.0,,random_dirichlet_budget,weighted
igd_plus,santander,,10,30,0.008186240690415608,0.012164352814273317,0.0039781121238577095,0.48595103348417973,0.01002628691513678,0.014475160425234468,0.0065828793509495,0.01128934820993225,,design_runs,weighted
hv_ratio,santander,,10,30,0.982276937326205,0.9790256400124377,-0.0032512973137672763,-0.0033099599412538695,0.9767461258688606,0.981147719221388,0.9821534695671227,0.9805004255248841,,design_runs,weighted
joint_nondominated_fraction_all_valid,santander,,10,30,0.06060606060606059,0.05959595959595957,-0.0010101010101010166,-0.01666666666666678,0.05656565656565653,0.0626262626262626,0.0606060606060606,0.0606060606060606,,design_runs,weighted
n_front,santander,,10,30,6.9,6.966666666666667,0.06666666666666643,0.009661835748792235,6.866666666666666,7.066666666666666,7.0,7.0,,design_runs,weighted
igd_plus,santander,,10,30,0.061071838832078874,0.0682731266138012,0.0072012877817223195,0.11791503120649019,0.06165728474586862,0.07472020420214319,0.0626193732256371,0.06716115907072714,,nbi_A,support
hv_ratio,santander,,10,30,0.8657735840635429,0.8623577686589514,-0.00341581540459146,-0.0039453911131813405,0.8526809944498254,0.8734645514948897,0.8600557350559297,0.8530593889292115,,nbi_A,support
joint_nondominated_fraction_all_valid,santander,,10,30,0.00303030303030302,0.002649132837812073,-0.0003811701924909469,-0.1257861635220129,0.0006289308176100599,0.0049170954831332,0.0,0.0,,nbi_A,support
n_front,santander,,10,30,7.8,8.1,0.2999999999999998,0.03846153846153844,7.666666666666667,8.533333333333333,8.0,8.0,,nbi_A,support
igd_plus,santander,,10,30,0.008551197007001129,0.008408553973604816,-0.00014264303339631308,-0.01668106035675787,0.007827279158362689,0.009000929745510726,0.0085210682438625,0.00817262228604635,,nbi_B,support
hv_ratio,santander,,10,30,0.9846820976696,0.98782066233618,0.0031385646665800238,0.0031873887765482022,0.9858792438411429,0.9898589097320992,0.9852392571849724,0.986151124336017,,nbi_B,support
joint_nondominated_fraction_all_valid,santander,,10,30,0.02585207952184887,0.02028817836348282,-0.005563901158366049,-0.2152206422567949,0.016156604690242472,0.02419323802741431,0.0303030303030303,0.01818783068783065,,nbi_B,support
n_front,santander,,10,30,12.1,11.133333333333333,-0.9666666666666668,-0.07988980716253445,9.533333333333333,12.7,13.0,11.0,,nbi_B,support
igd_plus,santander,,10,30,0.00249816735388361,0.00180457428888124,-0.0006935930650023698,-0.2776407528999694,0.0014625929666632707,0.0021890801912162225,0.0021519665710155,0.00146161306057905,,nbi_C,support
hv_ratio,santander,,10,30,0.9906255729474971,0.9935193115855792,0.002893738638082066,0.002921122487754951,0.9917784877535906,0.9950195232479387,0.9918417266919635,0.9950495321079821,,nbi_C,support
joint_nondominated_fraction_all_valid,santander,,10,30,0.42751443001442996,0.381984527817861,-0.04552990219656894,-0.1064991003813185,0.33261019921436585,0.42982095759179095,0.4587542087542087,0.4217171717171717,,nbi_C,support
n_front,santander,,10,30,31.2,26.1,-5.099999999999998,-0.1634615384615384,23.333333333333332,28.633333333333333,32.0,29.5,,nbi_C,support
igd_plus,santander,,10,30,0.01057972914677842,0.01048709535228219,-9.263379449623091e-05,-0.008755781288071855,0.0092315953875632,0.011978457302406913,0.0101854228643147,0.0093718065993571,,ws_random_scalarization,support
hv_ratio,santander,,10,30,0.9847183428925657,0.984949781531976,0.00023143863941033072,0.00023503029173853934,0.9831362228103689,0.9864729603217919,0.9850355176419652,0.9861910704672373,,ws_random_scalarization,support
joint_nondominated_fraction_all_valid,santander,,10,30,0.039393939393939384,0.015656565656565646,-0.023737373737373738,-0.6025641025641028,0.00101010101010101,0.04191919191919191,0.0,0.0,,ws_random_scalarization,support
n_front,santander,,10,30,15.8,14.266666666666667,-1.5333333333333332,-0.0970464135021097,11.366666666666667,17.4,10.0,11.5,,ws_random_scalarization,support
igd_plus,santander,,10,30,0.5702781103564866,0.6374671500554224,0.06718903969893586,0.1178180233096012,0.552968529813223,0.7142606088097985,0.607661276804805,0.6629424405948121,,random_dirichlet_budget,support
hv_ratio,santander,,10,30,0.18833031116447504,0.19258071062459728,0.004250399460122234,0.02256885486909338,0.11661841597190768,0.2821238396246275,0.07803356719595615,0.0773706014376435,,random_dirichlet_budget,support
joint_nondominated_fraction_all_valid,santander,,10,30,0.0,0.0,0.0,,0.0,0.0,0.0,0.0,,random_dirichlet_budget,support
n_front,santander,,10,30,3.8,3.7,-0.09999999999999964,-0.02631578947368412,3.2333333333333334,4.166666666666667,4.0,4.0,,random_dirichlet_budget,support
igd_plus,santander,,10,30,0.00804001969050613,0.007786833366119786,-0.00025318632438634404,-0.03149075924345225,0.00733361176912041,0.008257316259031418,0.008010581604960449,0.008010581604960449,,design_runs,support
hv_ratio,santander,,10,30,0.9872914471033445,0.9874627647184148,0.00017131761507027665,0.00017352283925168454,0.9867469459905991,0.988148114261795,0.9877516896296337,0.9878835945989592,,design_runs,support
joint_nondominated_fraction_all_valid,santander,,10,30,0.02424242424242422,0.022727272727272697,-0.001515151515151525,-0.06250000000000046,0.019191919191919156,0.02626262626262624,0.0303030303030303,0.0151515151515151,,design_runs,support
n_front,santander,,10,30,3.9,3.933333333333333,0.033333333333333215,0.008547008547008517,3.8333333333333335,4.0,4.0,4.0,,design_runs,support
igd_plus,bnp,,10,30,0.2212175539986859,0.25018743460089227,0.02896988060220637,0.13095651804548233,0.12335353628756239,0.38769443130723025,0.02748026301498875,0.027088171995885,,nbi_A,weighted
hv_ratio,bnp,,10,30,0.7169974444652086,0.6945436344310957,-0.022453810034112953,-0.03131644360442695,0.5604835380351313,0.8186486460089036,0.9167918407404096,0.9129764215480047,,nbi_A,weighted
joint_nondominated_fraction_all_valid,bnp,,10,30,0.0794466403162055,0.06444409027157973,-0.015002550044625779,-0.18883806772588674,0.04752417761060816,0.08358595244166768,0.0833333333333333,0.0757575757575757,,nbi_A,weighted
n_front,bnp,,10,30,14.4,13.8,-0.5999999999999996,-0.041666666666666644,10.566666666666666,17.334166666666654,8.0,8.0,,nbi_A,weighted
igd_plus,bnp,,10,30,0.01381221802335261,0.011363248560844533,-0.0024489694625080757,-0.17730457616347725,0.009597906928723412,0.01316199263301661,0.01356736415245555,0.0120028858416023,,nbi_B,weighted
hv_ratio,bnp,,10,30,0.9663970994488904,0.9737552166166672,0.00735811716777679,0.007613968597352911,0.9691765846614677,0.97832003901515,0.9682648734093917,0.9710432539317335,,nbi_B,weighted
joint_nondominated_fraction_all_valid,bnp,,10,30,0.5174721453409978,0.5429413755643264,0.025469230223328587,0.04921855302287849,0.49949869893312526,0.5757583805083806,0.5833333333333334,0.5757575757575758,,nbi_B,weighted
n_front,bnp,,10,30,42.0,45.93333333333333,3.93333333333333,0.09365079365079357,42.1,49.266666666666666,43.5,44.0,,nbi_B,weighted
igd_plus,bnp,,10,30,0.014311927710684139,0.014219605735115298,-9.232197556884036e-05,-0.006450701640976021,0.013355407061622528,0.015134847003709286,0.0139662732741761,0.013592306013593899,,nbi_C,weighted
hv_ratio,bnp,,10,30,0.9817813011861336,0.9823970088290149,0.0006157076428813246,0.0006271331936526606,0.9812227750594366,0.9835177553516374,0.9828388717186819,0.9829361729602442,,nbi_C,weighted
joint_nondominated_fraction_all_valid,bnp,,10,30,0.3437194627984101,0.3404775803456277,-0.0032418824527823964,-0.00943176864757218,0.32679983742227386,0.354330177481729,0.33630952380952384,0.3392857142857143,,nbi_C,weighted
n_front,bnp,,10,30,34.1,33.6,-0.5,-0.014662756598240468,32.833333333333336,34.333333333333336,34.0,34.0,,nbi_C,weighted
igd_plus,bnp,,10,30,0.305717724939555,0.4116872065292155,0.10596948158966046,0.346625245921257,0.3070333939619427,0.5413175947476091,0.29449484296907313,0.3077937246960727,,ws_random_scalarization,weighted
hv_ratio,bnp,,10,30,0.5074378444570484,0.4434564904045412,-0.06398135405250721,-0.12608707598655042,0.37606248133247233,0.5095688927651109,0.49314666315180133,0.47366882095744384,,ws_random_scalarization,weighted
joint_nondominated_fraction_all_valid,bnp,,10,30,0.02272727272727272,0.008080808080808077,-0.014646464646464644,-0.6444444444444445,0.0,0.022222222222222213,0.0,0.0,,ws_random_scalarization,weighted
n_front,bnp,,10,30,2.7,4.233333333333333,1.5333333333333332,0.5679012345679012,1.4666666666666666,8.7,1.5,1.0,,ws_random_scalarization,weighted
igd_plus,bnp,,10,30,1.5726417289706989,1.5277193168798597,-0.04492241209083914,-0.02856493711396114,1.3041008340699476,1.7577505321682605,1.5253869930850605,1.5253869930850605,,random_dirichlet_budget,weighted
hv_ratio,bnp,,10,30,0.02530515323667979,0.03963038421724488,0.014325230980565089,0.5660993571775998,0.014609447160581003,0.06981781906674546,0.0,0.0,,random_dirichlet_budget,weighted
joint_nondominated_fraction_all_valid,bnp,,10,30,0.0,0.0,0.0,,0.0,0.0,0.0,0.0,,random_dirichlet_budget,weighted
n_front,bnp,,10,30,4.7,4.466666666666667,-0.2333333333333334,-0.049645390070921995,3.8333333333333335,5.066666666666666,4.5,5.0,,random_dirichlet_budget,weighted
igd_plus,bnp,,10,30,0.0324983394415747,0.03098657880478755,-0.0015117606367871517,-0.04651808870126995,0.02913863764738571,0.03298237998158518,0.030766725330570552,0.0289444056386899,,design_runs,weighted
hv_ratio,bnp,,10,30,0.9137542708361469,0.9155724349271436,0.0018181640909966656,0.0019897735627904894,0.9131395413653164,0.9178934245620619,0.916238413256693,0.9181291959043343,,design_runs,weighted
joint_nondominated_fraction_all_valid,bnp,,10,30,0.03484848484848482,0.035353535353535324,0.0005050505050505014,0.01449275362318831,0.030303030303030276,0.040404040404040366,0.0303030303030303,0.0303030303030303,,design_runs,weighted
n_front,bnp,,10,30,6.3,6.3,0.0,0.0,6.133333333333334,6.466666666666667,6.0,6.0,,design_runs,weighted
igd_plus,bnp,,10,30,0.21256076779737146,0.2660168370528835,0.05345606925551202,0.2514860564790125,0.1275549173551278,0.4216342373780246,0.0405268411453154,0.0404830953606882,,nbi_A,support
hv_ratio,bnp,,10,30,0.7671000156513553,0.7142049402204252,-0.05289507543093008,-0.06895460090170398,0.5836257224930979,0.8339436095414496,0.9291765226305081,0.9043343669394279,,nbi_A,support
joint_nondominated_fraction_all_valid,bnp,,10,30,0.02641633728590249,0.07067413263065433,0.04425779534475184,1.6753948462177888,0.04163372859025031,0.10324989020641193,0.0,0.0151515151515151,,nbi_A,support
n_front,bnp,,10,30,19.3,19.7,0.3999999999999986,0.020725388601036194,16.433333333333334,22.8,23.5,27.0,,nbi_A,support
igd_plus,bnp,,10,30,0.04152130622186864,0.041284525865301104,-0.00023678035656753832,-0.005702623017260225,0.026410837791820057,0.05896009336156717,0.02061972697509575,0.01859735574295935,,nbi_B,support
hv_ratio,bnp,,10,30,0.8217508330910255,0.8651996254199462,0.04344879232892074,0.052873438735057426,0.8118752231467424,0.9161957200080211,0.843255557315373,0.9706101444054841,,nbi_B,support
joint_nondominated_fraction_all_valid,bnp,,10,30,0.13322096846687007,0.1212445963265635,-0.011976372140306571,-0.08989855184309746,0.10517831879717122,0.1388581788581788,0.11363636363636359,0.106060606060606,,nbi_B,support
n_front,bnp,,10,30,11.2,11.5,0.3000000000000007,0.02678571428571435,10.2325,12.9,10.0,10.0,,nbi_B,support
igd_plus,bnp,,10,30,0.0596262903502109,0.06224945947866393,0.0026231691284530276,0.04399349872423766,0.03467483793025869,0.09739179242026734,0.05939335422721835,0.02979018221578415,,nbi_C,support
hv_ratio,bnp,,10,30,0.745604588806905,0.810549242936414,0.0649446541295089,0.08710334553255829,0.7395559837089632,0.8787985563313724,0.662915086987405,0.9686430597256304,,nbi_C,support
joint_nondominated_fraction_all_valid,bnp,,10,30,0.1955529420699699,0.18860546348029,-0.006947478589679895,-0.03552735395407168,0.18309870206907453,0.19414851917454132,0.1980392156862745,0.18742017879948908,,nbi_C,support
n_front,bnp,,10,30,13.4,13.333333333333334,-0.06666666666666643,-0.004975124378109435,13.133333333333333,13.566666666666666,13.0,13.0,,nbi_C,support
igd_plus,bnp,,10,30,0.3604702513852557,0.4227171143307318,0.0622468629454761,0.172682385595668,0.2990931776786877,0.5698935601096048,0.3530274376261941,0.3496428000134997,,ws_random_scalarization,support
hv_ratio,bnp,,10,30,0.5623898526753559,0.490373238883987,-0.07201661379136892,-0.12805461095853216,0.4137735076741522,0.5599091776623358,0.5656981348507815,0.5238412340336602,,ws_random_scalarization,support
joint_nondominated_fraction_all_valid,bnp,,10,30,0.00151515151515151,0.2404040404040404,0.2388888888888889,157.66666666666723,0.10151515151515152,0.40050505050505053,0.0,0.0,,ws_random_scalarization,support
n_front,bnp,,10,30,47.0,47.36666666666667,0.36666666666666714,0.0078014184397163224,36.733333333333334,57.53333333333333,66.0,66.0,,ws_random_scalarization,support
igd_plus,bnp,,10,30,6.56537226688314,4.763067533259445,-1.8023047336236946,-0.2745167616335829,3.030881061372692,6.571058447960298,7.817780095153308,0.9832200296401234,,random_dirichlet_budget,support
hv_ratio,bnp,,10,30,0.050958493276041884,0.0746061604607908,0.023647667184748915,0.46405742525882054,0.03829458663716358,0.11930583642494717,0.0,0.05038159851582335,,random_dirichlet_budget,support
joint_nondominated_fraction_all_valid,bnp,,10,30,0.0,0.0,0.0,,0.0,0.0,0.0,0.0,,random_dirichlet_budget,support
n_front,bnp,,10,30,2.3,2.3333333333333335,0.03333333333333366,0.014492753623188548,2.0,2.7,2.0,2.0,,random_dirichlet_budget,support
igd_plus,bnp,,10,30,0.03948444443596832,0.0339842514548334,-0.005500192981134917,-0.13930025000236604,0.02917786144481198,0.0386434190150793,0.038359284503671154,0.03632719404548786,,design_runs,support
hv_ratio,bnp,,10,30,0.9533618053290283,0.9475043448287599,-0.005857460500268363,-0.006144005840727815,0.9410520768778403,0.9540394388629969,0.9649016392113556,0.9354942485328721,,design_runs,support
joint_nondominated_fraction_all_valid,bnp,,10,30,0.028787878787878758,0.032828282828282804,0.004040404040404046,0.14035087719298278,0.027777777777777755,0.037878787878787866,0.0303030303030303,0.0303030303030303,,design_runs,support
n_front,bnp,,10,30,5.1,5.133333333333334,0.0333333333333341,0.006535947712418452,5.033333333333333,5.266666666666667,5.0,5.0,,design_runs,support
igd_plus,porto,,10,30,0.07509593495994506,0.09107000182086668,0.01597406686092162,0.21271546681510692,0.07649422473132687,0.10546349340431449,0.0646215082857414,0.09741484053727556,,nbi_A,weighted
hv_ratio,porto,,10,30,0.802986232495094,0.7807108010658551,-0.022275431429238934,-0.027740738916560478,0.7503597110548871,0.8117966690234596,0.8227818608133673,0.7690404250952777,,nbi_A,weighted
joint_nondominated_fraction_all_valid,porto,,10,30,0.030663471952390508,0.03108585599466217,0.0004223840422716632,0.013774827681857936,0.013124330434890249,0.0572131881838956,0.01538825757575755,0.0152680652680652,,nbi_A,weighted
n_front,porto,,10,30,17.7,12.033333333333333,-5.666666666666666,-0.32015065913370994,8.966666666666667,16.533333333333335,12.0,11.0,,nbi_A,weighted
igd_plus,porto,,10,30,0.06952701816980952,0.05307605875455077,-0.016450959415258752,-0.236612468768324,0.035085852901548,0.07458909970459439,0.047773298878868345,0.035424715940842996,,nbi_B,weighted
hv_ratio,porto,,10,30,0.8202411880630093,0.8659813494223608,0.04574016135935155,0.055764282536660284,0.8102448863228305,0.9125411778128839,0.8828050291986261,0.9136774252709253,,nbi_B,weighted
joint_nondominated_fraction_all_valid,porto,,10,30,0.4045454545454546,0.35505050505050495,-0.04949494949494965,-0.12234706616729124,0.28737373737373734,0.4207070707070706,0.43181818181818177,0.3712121212121212,,nbi_B,weighted
n_front,porto,,10,30,55.2,54.96666666666667,-0.23333333333333428,-0.004227053140096635,50.3,59.0,56.5,59.5,,nbi_B,weighted
igd_plus,porto,,10,30,0.011294968850571659,0.011093325534458064,-0.00020164331611359498,-0.017852489792691145,0.00747128129511048,0.01549880461492979,0.00822306111262955,0.007224924329706299,,nbi_C,weighted
hv_ratio,porto,,10,30,0.9726873247255122,0.9742426001698348,0.0015552754443225458,0.001598946963518248,0.9635393257750334,0.9832571849046468,0.9820326776780754,0.9820326776780754,,nbi_C,weighted
joint_nondominated_fraction_all_valid,porto,,10,30,0.6695721431481364,0.6640997722918691,-0.0054723708562672835,-0.008172936870607793,0.5929274927982292,0.7336947168046591,0.7272727272727273,0.7121212121212122,,nbi_C,weighted
n_front,porto,,10,30,53.6,56.06666666666667,2.4666666666666686,0.04601990049751247,53.666666666666664,58.333333333333336,55.5,56.0,,nbi_C,weighted
igd_plus,porto,,10,30,0.07876440217877266,1.6516866839010604,1.5729222817222879,19.969964072757186,0.09163752694308569,4.701509407774867,0.08292446975364906,0.1042826491110459,,ws_random_scalarization,weighted
hv_ratio,porto,,10,30,0.7983569173088061,0.7044563273149262,-0.09390058999387985,-0.11761730619233667,0.6062608221432061,0.7861215929663783,0.7861958261859026,0.7617515270629078,,ws_random_scalarization,weighted
joint_nondominated_fraction_all_valid,porto,,10,30,0.09999999999999998,0.08535353535353533,-0.014646464646464644,-0.14646464646464646,0.03484848484848484,0.15555555555555556,0.07575757575757569,0.0,,ws_random_scalarization,weighted
n_front,porto,,10,30,17.9,18.1,0.20000000000000284,0.01117318435754206,12.332500000000001,24.7,14.0,12.5,,ws_random_scalarization,weighted
igd_plus,porto,,10,30,2.06362816485634,1.9542372507772836,-0.10939091407905654,-0.053009023593488226,1.573912401455507,2.3674912904889185,1.7573969836047882,1.7924493576225136,,random_dirichlet_budget,weighted
hv_ratio,porto,,10,30,0.0,0.04420799144312673,0.04420799144312673,,0.008739214518869982,0.08827978273893748,0.0,0.0,,random_dirichlet_budget,weighted
joint_nondominated_fraction_all_valid,porto,,10,30,0.0,0.0,0.0,,0.0,0.0,0.0,0.0,,random_dirichlet_budget,weighted
n_front,porto,,10,30,5.0,5.566666666666666,0.5666666666666664,0.11333333333333329,4.866666666666666,6.366666666666666,5.0,5.0,,random_dirichlet_budget,weighted
igd_plus,porto,,10,30,0.1659376135438211,0.15911319134587162,-0.006824422197949487,-0.04112643331553808,0.14631605410505888,0.1724019874835452,0.15944295905884492,0.15384820839265678,,design_runs,weighted
hv_ratio,porto,,10,30,0.6192951670553566,0.6417239444397212,0.022428777384364662,0.03621661943691518,0.6172006491679024,0.6664915054710707,0.6400422882974108,0.6471624502152888,,design_runs,weighted
joint_nondominated_fraction_all_valid,porto,,10,30,0.00757575757575755,0.007070707070707047,-0.0005050505050505031,-0.06666666666666664,0.0045454545454545305,0.009595959595959564,0.00757575757575755,0.0,,design_runs,weighted
n_front,porto,,10,30,3.1,3.1666666666666665,0.06666666666666643,0.021505376344085943,2.9,3.433333333333333,3.0,3.0,,design_runs,weighted
igd_plus,porto,,10,30,0.09382469081740519,0.10183285109740846,0.00800816028000327,0.08535237590697924,0.0822197733156099,0.12295536872236687,0.0658702625944688,0.08936891975306795,,nbi_A,support
hv_ratio,porto,,10,30,0.8578629137579631,0.8175300288844709,-0.04033288487349218,-0.04701553619658126,0.7562869566159527,0.8636800488093306,0.8702627964584428,0.8393626813830872,,nbi_A,support
joint_nondominated_fraction_all_valid,porto,,10,30,0.01021080368906455,0.03313998377857072,0.02292918008950617,2.2455803468303484,0.008043260855760842,0.06693243422591247,0.0,0.0,,nbi_A,support
n_front,porto,,10,30,3.1,3.7333333333333334,0.6333333333333333,0.2043010752688172,2.7666666666666666,5.1,3.0,3.0,,nbi_A,support
igd_plus,porto,,10,30,0.022423456487721403,0.021661349783538116,-0.0007621067041832866,-0.03398703070601981,0.01463391206904897,0.03192074041565032,0.0182533534875434,0.016590211934930002,,nbi_B,support
hv_ratio,porto,,10,30,0.7644068572760353,0.821557006547051,0.05715014927101569,0.07476404577880202,0.756955651217141,0.8764264975965604,0.8446106694974165,0.868980568797537,,nbi_B,support
joint_nondominated_fraction_all_valid,porto,,10,30,0.022727272727272693,0.028282828282828253,0.00555555555555556,0.24444444444444502,0.01969696969696967,0.03787878787878785,0.0151515151515151,0.0151515151515151,,nbi_B,support
n_front,porto,,10,30,7.2,6.466666666666667,-0.7333333333333334,-0.10185185185185186,5.733333333333333,7.233333333333333,7.0,6.0,,nbi_B,support
igd_plus,porto,,10,30,0.00836893886197365,0.009376269863903624,0.0010073310019299737,0.12036543922038098,0.007088796612806365,0.012188269220630368,0.0076941964662417504,0.00686226577960445,,nbi_C,support
hv_ratio,porto,,10,30,0.9197742834197145,0.9199322490737187,0.0001579656540042773,0.00017174393419324804,0.889039565876854,0.9466534304548538,0.9319919108647243,0.933375138661949,,nbi_C,support
joint_nondominated_fraction_all_valid,porto,,10,30,0.1387740853509122,0.14308039830678285,0.004306312955870639,0.031031103141349815,0.1322130519422873,0.15329789299529156,0.1439393939393939,0.1515151515151515,,nbi_C,support
n_front,porto,,10,30,11.8,12.2,0.3999999999999986,0.03389830508474564,11.433333333333334,12.933333333333334,12.0,12.5,,nbi_C,support
igd_plus,porto,,10,30,0.0938095612900294,1.577379797108082,1.4835702358180527,15.814701778972445,0.1082592946529501,4.436635392195281,0.08075135640652405,0.09157529119406885,,ws_random_scalarization,support
hv_ratio,porto,,10,30,0.8585611351140077,0.7543393455571782,-0.10422178955682948,-0.12139122689613704,0.6505173108582504,0.8380642277504763,0.8521721755606431,0.8306940687827044,,ws_random_scalarization,support
joint_nondominated_fraction_all_valid,porto,,10,30,0.03939393939393936,0.02121212121212119,-0.018181818181818174,-0.4615384615384617,0.00858585858585857,0.03888888888888887,0.0151515151515151,0.0,,ws_random_scalarization,support
n_front,porto,,10,30,6.2,8.066666666666666,1.8666666666666663,0.3010752688172042,4.799166666666667,13.0,5.0,4.5,,ws_random_scalarization,support
igd_plus,porto,,10,30,1.6486463497044066,1.3683828191043357,-0.2802635306000709,-0.169996149053022,1.1632579297008447,1.579444124462258,1.3581697327626565,1.232523453748915,,random_dirichlet_budget,support
hv_ratio,porto,,10,30,0.00321621973953116,0.01488512966884737,0.01166890992931621,3.6281444908416707,0.007538952695983452,0.02357694487589314,0.0,0.0,,random_dirichlet_budget,support
joint_nondominated_fraction_all_valid,porto,,10,30,0.0,0.0,0.0,,0.0,0.0,0.0,0.0,,random_dirichlet_budget,support
n_front,porto,,10,30,2.3,2.3,0.0,0.0,1.9333333333333333,2.6666666666666665,2.0,2.0,,random_dirichlet_budget,support
igd_plus,porto,,10,30,0.17785750863826233,0.16855487907365843,-0.009302629564603898,-0.052303833758990545,0.1475327685123918,0.19101121447460825,0.17229243363675495,0.1485487656608775,,design_runs,support
hv_ratio,porto,,10,30,0.682032041115149,0.7057595282433744,0.023727487128225366,0.03478940240025967,0.6800492151364722,0.7326177034311491,0.6995893836706422,0.7095955481647935,,design_runs,support
joint_nondominated_fraction_all_valid,porto,,10,30,0.0075757575757575595,0.00707070707070705,-0.0005050505050505092,-0.06666666666666736,0.0040404040404040265,0.010101010101010076,0.0,0.0,,design_runs,support
n_front,porto,,10,30,2.8,2.7,-0.09999999999999964,-0.03571428571428559,2.5,2.9,3.0,3.0,,design_runs,support
igd_plus,uci_credit,,10,30,0.1854307555906785,0.20430744469585294,0.018876689105174427,0.10179912736182231,0.1723841843072882,0.23400354783035962,0.17009806638238495,0.21649994134767425,,nbi_A,weighted
hv_ratio,uci_credit,,10,30,0.6608411573346983,0.6392068938199671,-0.02163426351473119,-0.03273746387405168,0.5890389681074129,0.6932789270132488,0.6685516827217917,0.6215165087812646,,nbi_A,weighted
joint_nondominated_fraction_all_valid,uci_credit,,10,30,0.30577140953301946,0.2755608780275626,-0.030210531505456883,-0.0988010342484114,0.23907251562245507,0.3131665094712948,0.29166666666666663,0.2727272727272727,,nbi_A,weighted
n_front,uci_credit,,10,30,22.0,15.7,-6.300000000000001,-0.2863636363636364,11.966666666666667,20.366666666666667,16.5,11.0,,nbi_A,weighted
igd_plus,uci_credit,,10,30,0.18093475010284807,0.16814497783197682,-0.012789772270871247,-0.07068720775639398,0.13826740704842602,0.2007933710084743,0.15668923433751175,0.15426364768299028,,nbi_B,weighted
hv_ratio,uci_credit,,10,30,0.6698077479436344,0.6988722208622645,0.029064472918630124,0.043392261447946036,0.6429766897641416,0.7510957098733109,0.6876140884002363,0.7061885476550948,,nbi_B,weighted
joint_nondominated_fraction_all_valid,uci_credit,,10,30,0.48657922349605914,0.5126966131609498,0.02611738966489069,0.05367551346980646,0.47132009389928187,0.5518591445273288,0.4907407407407407,0.550055617352614,,nbi_B,weighted
n_front,uci_credit,,10,30,33.0,30.533333333333335,-2.466666666666665,-0.0747474747474747,26.533333333333335,35.53333333333333,28.0,27.0,,nbi_B,weighted
igd_plus,uci_credit,,10,30,0.01073980204004839,0.009929798221013279,-0.0008100038190351107,-0.07542074016025914,0.008859410031281935,0.011017370564923511,0.00942815543982315,0.009464276748869401,,nbi_C,weighted
hv_ratio,uci_credit,,10,30,0.9750851495459504,0.9762804266267965,0.0011952770808461022,0.0012258181569093575,0.9738160299494811,0.9787678545095752,0.9769841230000087,0.9758412550660331,,nbi_C,weighted
joint_nondominated_fraction_all_valid,uci_credit,,10,30,0.7794102578887415,0.77012375746198,-0.00928650042676149,-0.011914778299065074,0.7440160678781121,0.7955413637288637,0.7845643939393939,0.7795138888888888,,nbi_C,weighted
n_front,uci_credit,,10,30,58.9,62.0,3.1000000000000014,0.052631578947368446,59.766666666666666,63.9,63.0,65.0,,nbi_C,weighted
igd_plus,uci_credit,,10,30,0.00902369222961516,0.010701993922785463,0.0016783016931703025,0.18598835714523015,0.009114525605087763,0.012801621215784223,0.00842295765058125,0.00862059214018935,,ws_random_scalarization,weighted
hv_ratio,uci_credit,,10,30,0.9788679490374805,0.9747870253074076,-0.004080923730072961,-0.004169023752474199,0.9700353065246454,0.9785874993691446,0.9801633688762735,0.9782243826008948,,ws_random_scalarization,weighted
joint_nondominated_fraction_all_valid,uci_credit,,10,30,0.6272727272727272,0.5671717171717172,-0.06010101010100999,-0.09581320450885651,0.4944444444444444,0.6358585858585858,0.7196969696969697,0.6060606060606061,,ws_random_scalarization,weighted
n_front,uci_credit,,10,30,50.7,45.8,-4.900000000000006,-0.09664694280078906,42.1,49.666666666666664,55.0,43.5,,ws_random_scalarization,weighted
igd_plus,uci_credit,,10,30,0.14423387540636665,0.15025165550215488,0.006017780095788239,0.04172237679139978,0.13629827528589603,0.1647521176361329,0.14114599392491262,0.1496167360189069,,random_dirichlet_budget,weighted
hv_ratio,uci_credit,,10,30,0.7391698824991741,0.724421119450524,-0.014748763048650138,-0.019953143922454952,0.7027890298857493,0.7450729567991483,0.7502031749847081,0.7331684212122157,,random_dirichlet_budget,weighted
joint_nondominated_fraction_all_valid,uci_credit,,10,30,0.00151515151515151,0.0005050505050505033,-0.0010101010101010066,-0.6666666666666666,0.0,0.0015151515151515102,0.0,0.0,,random_dirichlet_budget,weighted
n_front,uci_credit,,10,30,10.2,9.366666666666667,-0.8333333333333321,-0.08169934640522865,8.666666666666666,10.1,10.0,9.5,,random_dirichlet_budget,weighted
igd_plus,uci_credit,,10,30,0.03253485480629093,0.032448034977493635,-8.681982879729655e-05,-0.0026685174811509867,0.031757676457397035,0.033137563706961824,0.033275300089968,0.032430006640663256,,design_runs,weighted
hv_ratio,uci_credit,,10,30,0.9198531713360494,0.9207574508952698,0.0009042795592204556,0.0009830694586909193,0.9188831780583173,0.9225371957892615,0.9203075955486122,0.9215955482793482,,design_runs,weighted
joint_nondominated_fraction_all_valid,uci_credit,,10,30,0.046969696969696946,0.0434343434343434,-0.0035353535353535442,-0.0752688172043013,0.03939393939393938,0.04747474747474744,0.0454545454545454,0.0454545454545454,,design_runs,weighted
n_front,uci_credit,,10,30,8.3,8.466666666666667,0.16666666666666607,0.02008032128514049,8.233333333333333,8.733333333333333,8.0,8.0,,design_runs,weighted
igd_plus,uci_credit,,10,30,0.0441555076306466,0.04123246261235439,-0.002923045018292214,-0.06619887699498314,0.03725669555490518,0.045462129969432795,0.04178974738744215,0.0399680823968913,,nbi_A,support
hv_ratio,uci_credit,,10,30,0.9142552952096817,0.9134087586648502,-0.0008465365448315776,-0.0009259301524060924,0.9082081419705559,0.918507912069583,0.9167908790275943,0.9106940674162864,,nbi_A,support
joint_nondominated_fraction_all_valid,uci_credit,,10,30,0.06509748478788724,0.06720100084494124,0.002103516057054,0.03231332307090003,0.048201367143253106,0.0880470067712574,0.051315789473684204,0.05,,nbi_A,support
n_front,uci_credit,,10,30,10.4,8.9,-1.5,-0.14423076923076922,7.666666666666667,10.4,9.5,8.5,,nbi_A,support
igd_plus,uci_credit,,10,30,0.09490489557866476,0.06491835737123887,-0.02998653820742589,-0.31596408198532444,0.043704061381279816,0.10219458911483895,0.0508619017282192,0.0490335576034601,,nbi_B,support
hv_ratio,uci_credit,,10,30,0.8231481468374959,0.8708199239087976,0.04767177707130166,0.05791396998760773,0.8128742176253535,0.9050063284213452,0.8823332829060059,0.8954392094025827,,nbi_B,support
joint_nondominated_fraction_all_valid,uci_credit,,10,30,0.26667888493446296,0.2076615827856994,-0.05901730214876355,-0.2213047432055493,0.16197810917238964,0.2628543701255161,0.24501424501424496,0.19074844074844075,,nbi_B,support
n_front,uci_credit,,10,30,14.4,14.2,-0.20000000000000107,-0.013888888888888963,13.2,15.233333333333333,14.0,14.0,,nbi_B,support
igd_plus,uci_credit,,10,30,0.04146300442181276,0.03438188832975193,-0.00708111609206083,-0.17078154829358222,0.02896908319663082,0.03964954134755407,0.0423692703183731,0.03662583459198605,,nbi_C,support
hv_ratio,uci_credit,,10,30,0.9358728453241293,0.9425638269116666,0.006690981587537337,0.007149455848588051,0.9383315128665529,0.9468506771527475,0.9378436295934633,0.941620333403541,,nbi_C,support
joint_nondominated_fraction_all_valid,uci_credit,,10,30,0.16410729127429946,0.16804829873774005,0.003941007463440588,0.024014822454496158,0.1593823235052743,0.17682653321177913,0.16530054644808734,0.16530054644808734,,nbi_C,support
n_front,uci_credit,,10,30,17.2,16.933333333333334,-0.2666666666666657,-0.015503875968992194,16.0,17.9,18.0,16.5,,nbi_C,support
igd_plus,uci_credit,,10,30,0.006600766085300599,0.006578866613998458,-2.1899471302141114e-05,-0.003317716613365464,0.005354062390402499,0.00811408939914447,0.0058169561230143,0.00560715486471995,,ws_random_scalarization,support
hv_ratio,uci_credit,,10,30,0.9785158729300422,0.9807094559630444,0.002193583033002211,0.002241744966725786,0.9772598788427996,0.9839402541501644,0.9816230188422426,0.9830775751422476,,ws_random_scalarization,support
joint_nondominated_fraction_all_valid,uci_credit,,10,30,0.13030303030303028,0.12828282828282822,-0.002020202020202061,-0.015503875968992564,0.10858585858585855,0.14797979797979793,0.1212121212121212,0.1212121212121212,,ws_random_scalarization,support
n_front,uci_credit,,10,30,16.2,15.666666666666666,-0.5333333333333332,-0.03292181069958847,13.933333333333334,17.466666666666665,16.0,15.0,,ws_random_scalarization,support
igd_plus,uci_credit,,10,30,0.536101847048316,0.5063635177352542,-0.02973832931306175,-0.055471417374880996,0.44585406082109597,0.5595150533278956,0.5458359715678036,0.552695732796966,,random_dirichlet_budget,support
hv_ratio,uci_credit,,10,30,0.16752903021867066,0.19853511999218024,0.031006089773509576,0.18507890682013886,0.13435641983134927,0.27579866531053276,0.09784429316101645,0.0973141662660673,,random_dirichlet_budget,support
joint_nondominated_fraction_all_valid,uci_credit,,10,30,0.0,0.0,0.0,,0.0,0.0,0.0,0.0,,random_dirichlet_budget,support
n_front,uci_credit,,10,30,2.2,2.6,0.3999999999999999,0.18181818181818177,2.1333333333333333,3.1333333333333333,2.5,2.0,,random_dirichlet_budget,support
igd_plus,uci_credit,,10,30,0.01278007862492273,0.012644347208070224,-0.00013573141685250568,-0.010620546307736532,0.011819084013808063,0.013484111097229568,0.012397405723037349,0.012442307658115749,,design_runs,support
hv_ratio,uci_credit,,10,30,0.9745339554532467,0.9750458947619005,0.000511939308653786,0.0005253170562083573,0.9736870254342991,0.9764301600707497,0.973748122828889,0.9749972268452045,,design_runs,support
joint_nondominated_fraction_all_valid,uci_credit,,10,30,0.02575757575757572,0.02474747474747472,-0.0010101010101009993,-0.03921568627450944,0.01969696969696967,0.029797979797979768,0.0227272727272727,0.0303030303030303,,design_runs,support
n_front,uci_credit,,10,30,4.2,4.266666666666667,0.06666666666666643,0.015873015873015817,4.133333333333334,4.433333333333334,4.0,4.0,,design_runs,support
nbi_success_rate,santander,,10,30,0.9636363636363636,0.9752525252525253,0.011616161616161635,0.012054507337526226,0.9505050505050504,0.993939393939394,1.0,1.0,,nbi_A,
nbi_seconds,santander,,10,30,38.0998980250035,32.332497355629066,-5.767400669374432,-0.15137575081144597,26.270522240528713,39.459251140029956,26.205858312518103,25.536835770501057,,nbi_A,
nbi_success_rate,santander,,10,30,0.9303030303030303,0.9489898989898989,0.01868686868686864,0.02008686210640603,0.9272727272727272,0.9691919191919192,0.9166666666666666,0.9848484848484849,,nbi_B,
nbi_seconds,santander,,10,30,37.81580208759988,32.895959395895865,-4.919842691704012,-0.13010018087960298,26.34477271906818,39.762836837252785,42.9453291874961,21.511655021007755,,nbi_B,
nbi_success_rate,santander,,10,30,0.8272727272727274,0.8282828282828281,0.0010101010101006835,0.0012210012210008261,0.8217171717171715,0.8338383838383836,0.8181818181818182,0.8333333333333334,,nbi_C,
nbi_seconds,santander,,10,30,2612.8221886458023,2526.775736505537,-86.04645214026505,-0.03293237959865229,2459.9996986350693,2583.4624731468457,2596.2539095415123,2569.7878853750008,,nbi_C,
nbi_success_rate,bnp,,10,30,0.9590909090909092,0.9459595959595961,-0.013131313131313105,-0.0136914165350184,0.8807954545454545,0.9873737373737375,1.0,1.0,,nbi_A,
nbi_seconds,bnp,,10,30,24.66187039159995,22.2092469291713,-2.452623462428651,-0.09945001832724074,12.286097763537837,33.659911447638216,5.0671152915019775,5.174586166976951,,nbi_A,
nbi_success_rate,bnp,,10,30,0.9878787878787879,0.9954545454545455,0.007575757575757569,0.007668711656441711,0.9888888888888889,1.0,1.0,1.0,,nbi_B,
nbi_seconds,bnp,,10,30,16.995576345999144,34.734442963896434,17.73886661789729,1.043734337498541,16.17235585685771,56.05444366930079,4.237981541475165,4.299848062975798,,nbi_B,
nbi_success_rate,bnp,,10,30,0.8303030303030303,0.8338383838383838,0.0035353535353535026,0.0042579075425790355,0.8202020202020202,0.8474747474747473,0.8333333333333334,0.8333333333333334,,nbi_C,
nbi_seconds,bnp,,10,30,1431.5071585082042,1408.892856509735,-22.614301998469045,-0.01579754726622238,1371.1831801988403,1444.9449841074854,1466.6899263334926,1434.1772703955066,,nbi_C,
nbi_success_rate,porto,,10,30,0.5590909090909091,0.5752525252525252,0.016161616161616155,0.028906955736224017,0.4510101010101009,0.6984848484848486,0.49242424242424243,0.5303030303030303,,nbi_A,
nbi_seconds,porto,,10,30,86.14868907488707,83.13004901519646,-3.018640059690611,-0.03503988385785623,70.75853090090854,96.04724696544433,76.2463435420068,72.03311256249435,,nbi_A,
nbi_success_rate,porto,,10,30,1.0,1.0,0.0,0.0,1.0,1.0,1.0,1.0,,nbi_B,
nbi_seconds,porto,,10,30,32.87756622908637,54.1360667513567,21.25850052227033,0.6465959303113867,33.755405458207434,78.18292634019967,22.847018436994404,24.320355395466322,,nbi_B,
nbi_success_rate,porto,,10,30,0.9727272727272727,0.9777777777777779,0.005050505050505194,0.005192107995846461,0.9666666666666668,0.9878787878787878,0.9848484848484849,0.9848484848484849,,nbi_C,
nbi_seconds,porto,,10,30,2485.5677487000007,2502.923268176365,17.355519476364407,0.006982517167533122,2473.5118384272237,2532.0162041349527,2489.119984249992,2507.109360583505,,nbi_C,
nbi_success_rate,uci_credit,,10,30,0.4636363636363637,0.39040404040404036,-0.07323232323232332,-0.15795206971677575,0.32727272727272727,0.4722222222222222,0.3484848484848485,0.32575757575757575,,nbi_A,
nbi_seconds,uci_credit,,10,30,110.88567335820407,124.57976987487055,13.694096516666477,0.12349743751322312,110.10331832383304,137.2548491828867,126.61949037498562,126.99765641646809,,nbi_A,
nbi_success_rate,uci_credit,,10,30,0.5121212121212121,0.4823232323232324,-0.029797979797979712,-0.05818540433925033,0.4232323232323232,0.556060606060606,0.42424242424242425,0.4393939393939394,,nbi_B,
nbi_seconds,uci_credit,,10,30,94.04316897500539,99.54650840560595,5.503339430600562,0.05851928949845606,87.66358339003015,110.43707442746987,99.25414662499679,101.96174470847473,,nbi_B,
nbi_success_rate,uci_credit,,10,30,0.9712121212121213,0.9813131313131312,0.010101010101009944,0.010400416016640502,0.9691919191919192,0.9914141414141414,0.9772727272727273,1.0,,nbi_C,
nbi_seconds,uci_credit,,10,30,310.6428243042843,306.357417977774,-4.285406326510326,-0.01379528510310168,302.5959455719063,309.58497706725734,309.4586339999805,308.0101955209975,,nbi_C,
reference_front_weighted_size,santander,,10,30,155.1,143.9,-11.199999999999989,-0.07221147646679554,136.8325,152.4,142.0,135.0,,,
reference_front_support_size,santander,,10,30,48.2,42.333333333333336,-5.866666666666667,-0.12171507607192254,39.46666666666667,45.666666666666664,45.5,40.0,,,
reference_displaced_fraction,santander,,10,30,0.025210231076293325,0.027164364379644066,0.0019541333033507406,0.07751350225378648,0.022206110115695035,0.03211547729131699,0.0152199074074074,0.02868304718823885,,,
reference_front_weighted_size,bnp,,10,30,126.0,122.1,-3.9000000000000057,-0.030952380952381,117.23333333333333,127.7,121.5,119.5,,,
reference_front_support_size,bnp,,10,30,40.3,38.53333333333333,-1.7666666666666657,-0.04383788254755994,36.53333333333333,40.53333333333333,40.5,39.0,,,
reference_displaced_fraction,bnp,,10,30,0.02297847371101256,0.0202551022582776,-0.0027233714527349594,-0.11851837885254182,0.015130618405688552,0.02551344048246254,0.0268884892086331,0.02174248860739935,,,
reference_front_weighted_size,porto,,10,30,110.3,102.43333333333334,-7.86666666666666,-0.07132064067694162,95.2,110.8,100.0,93.5,,,
reference_front_support_size,porto,,10,30,16.6,15.1,-1.5000000000000018,-0.09036144578313263,13.333333333333334,17.066666666666666,14.0,14.0,,,
reference_displaced_fraction,porto,,10,30,0.03432054613032377,0.027164816369831257,-0.007155729760492516,-0.20849696660771086,0.021326165657127784,0.03286951788445667,0.0352758352758352,0.03261254874158095,,,
reference_front_weighted_size,uci_credit,,10,30,525.1,520.4333333333333,-4.6666666666667425,-0.008887196089633865,479.8,563.5333333333333,457.0,481.0,,,
reference_front_support_size,uci_credit,,10,30,89.2,91.43333333333334,2.2333333333333343,0.025037369207772806,82.76666666666667,100.4,80.0,87.0,,,
reference_displaced_fraction,uci_credit,,10,30,0.03607143237642499,0.03688384928289808,0.0008124169064730943,0.02252244651654203,0.034160971423681276,0.039494396406442166,0.0384483937115516,0.03907635661525335,,,
holdout_minus_oof_auc_knee,santander,,10,30,-0.0032668159138205645,-0.003884994863172346,-0.0006181789493517813,-0.18922980836983144,-0.005113253051824125,-0.002641926874217389,-0.0037034927928376593,-0.0036702980442609445,,nbi_A,
holdout_minus_oof_auc_knee,santander,,10,30,-0.0014098206733843988,-0.0018378859851201172,-0.00042806531173571844,-0.3036310360722048,-0.0030569829153363004,-0.0006017462191157524,-0.0008220396326246715,-0.0019629629251061154,,nbi_B,
holdout_minus_oof_auc_knee,santander,,10,30,-0.0014252340715669386,-0.0018352191411921497,-0.00040998506962521106,-0.2876615692848705,-0.0029784140295970314,-0.0006759070279277554,-0.0017377823637409473,-0.001908420935885946,,nbi_C,
holdout_minus_oof_auc_knee,santander,,10,30,-0.0031975563564056396,-0.004608073654682691,-0.001410517298277051,-0.441123514664995,-0.005889770157244195,-0.0033640200865394662,-0.0032021797056587253,-0.004945843936798866,,ws_random_scalarization,
holdout_minus_oof_auc_knee,bnp,,10,30,0.002203086850625968,0.0017458263497910872,-0.00045726050083488086,-0.20755445964600006,0.0002074876596290774,0.0032892743426438374,0.0021583543993144994,0.0022082451264633374,,nbi_A,
holdout_minus_oof_auc_knee,bnp,,10,30,0.002256574644315945,0.0017184526735198582,-0.0005381219707960869,-0.23846850010105136,0.00019225353836363243,0.0032224998141397823,0.002511621735242664,0.002188912014800315,,nbi_B,
holdout_minus_oof_auc_knee,bnp,,10,30,0.0017676415940422352,0.001596881754838264,-0.00017075983920397122,-0.09660320269646877,8.87777380493232e-05,0.0030759057453439253,0.0021443523360564765,0.0019640509177238363,,nbi_C,
holdout_minus_oof_auc_knee,bnp,,10,30,0.003447774899450895,0.003349174632128186,-9.860026732270901e-05,-0.02859823225072276,0.00172238241284054,0.005017678893686925,0.0038008496201197284,0.0031431917747805627,,ws_random_scalarization,
holdout_minus_oof_auc_knee,porto,,10,30,0.0046475253707515376,0.0017179249339143276,-0.0029296004368372097,-0.6303570616901167,-0.0018537810606886376,0.005456551767345262,0.0010870059475494576,-0.0011106844214413547,,nbi_A,
holdout_minus_oof_auc_knee,porto,,10,30,0.004636626232448459,0.0018216068681848477,-0.0028150193642636117,-0.6071266526862328,-0.0018249820327064564,0.005547957620488876,0.0020984380853580897,-0.0019317439425637906,,nbi_B,
holdout_minus_oof_auc_knee,porto,,10,30,0.005111790179868248,0.001926924275649892,-0.003184865904218356,-0.6230431594710805,-0.0016185656302973425,0.005607640378328414,0.0019330035245962995,-0.0010935424275543282,,nbi_C,
holdout_minus_oof_auc_knee,porto,,10,30,0.004866356088549739,0.0019985965138251496,-0.0028677595747245896,-0.5893032738545924,-0.001619628432064614,0.0058114500344765485,0.001478466247855026,-0.000691089006886747,,ws_random_scalarization,
holdout_minus_oof_auc_knee,uci_credit,,10,30,-0.0005763308556635316,3.9283952087743046e-05,0.0006156148077512746,1.0681621532175565,-0.0030506133372753264,0.003125367823761764,-0.0011051358225910857,0.0006174850681219812,,nbi_A,
holdout_minus_oof_auc_knee,uci_credit,,10,30,-0.000754004621897486,0.00031658591377899575,0.0010705905356764819,1.419872643462441,-0.0024890723279293696,0.0030804657953982383,-0.0018791952045173477,0.0012030497972638776,,nbi_B,
holdout_minus_oof_auc_knee,uci_credit,,10,30,0.0003750687629255012,0.001394539114180445,0.0010194703512549437,2.718089193307303,-0.0013163669118706907,0.00417800188191418,-0.00022663517899829122,0.0022977764166194903,,nbi_C,
holdout_minus_oof_auc_knee,uci_credit,,10,30,9.657911420392073e-05,0.0009153337398246641,0.0008187546256207435,8.477553686110586,-0.0017954486899553375,0.0036831134027242632,-0.00023697260152105715,0.0018713761147831631,,ws_random_scalarization,
replication_seconds,santander,,10,30,3803.6689999999994,3650.2213333333334,-153.447666666666,-0.04034201363648257,3574.848849999999,3721.308066666667,3786.005,3647.31,,,
replication_seconds,bnp,,10,30,1978.8799999999999,1954.327666666667,-24.552333333332854,-0.012407186556705235,1901.4229666666665,2007.4746499999999,2042.875,1960.625,,,
replication_seconds,porto,,10,30,3471.005,3461.2319999999995,-9.773000000000593,-0.002815611040606566,3402.925049999999,3521.0640083333333,3445.99,3417.3499999999995,,,
replication_seconds,uci_credit,,10,30,655.717,670.5506666666664,14.833666666666431,0.022622055958083184,647.3865249999999,692.8691666666666,655.1300000000001,666.36,,,
