dataset,rep,seed,target_evals,actual_evals,n_gen,pop_size,seconds,n_final,n_nondominated,budget_ratio_actual_over_target
santander,0,21030904,414698,414678,6283,66,5563.10241625004,66,66,0.9999517721329739
santander,1,21030905,447188,447216,6776,66,5995.576436958043,66,66,1.000062613486945
santander,2,21030906,428142,428142,6487,66,5751.1072193329455,66,66,1.0
santander,3,21030907,438460,438438,6643,66,5877.110182084027,66,66,0.9999498243853487
santander,4,21030908,430278,430254,6519,66,5781.087329250062,66,66,0.9999442221075676
santander,5,21030909,419824,419826,6361,66,5638.767916208017,66,66,1.0000047639010634
santander,6,21030910,425146,425172,6442,66,5693.619546832982,66,66,1.0000611554618883
santander,7,21030911,420570,420552,6372,66,5634.556876625051,66,66,0.9999572009415792
santander,8,21030912,422800,422796,6406,66,5677.86884191609,66,66,0.9999905392620625
santander,9,21030913,440974,440946,6681,66,5918.203108042013,66,66,0.999936504192991
santander,10,21030914,396986,396990,6015,66,5319.151821458945,66,66,1.000010075922073
santander,11,21030915,416244,416262,6307,66,5588.278029832989,66,66,1.0000432438665783
santander,12,21030916,402052,402072,6092,66,5397.660442875,66,66,1.0000497448091292
santander,13,21030917,426480,426492,6462,66,5718.681568833068,66,66,1.0000281373100732
santander,14,21030918,425958,425964,6454,66,5719.25466270803,66,66,1.0000140858957924
santander,15,21030919,368054,368082,5577,66,4936.127221333911,66,66,1.000076075793226
santander,16,21030920,360966,360954,5469,66,4848.015710125095,66,66,0.9999667558717441
santander,17,21030921,415668,415668,6298,66,5583.8571541249985,66,66,1.0
santander,18,21030922,417790,417780,6330,66,5603.282798124943,66,66,0.9999760645300271
santander,19,21030923,433934,433950,6575,66,5807.541836833931,66,66,1.0000368719667045
santander,20,21030924,302976,303006,4591,66,4063.558348459075,66,66,1.0000990177439797
santander,21,21030925,360948,360954,5469,66,4847.736996459076,66,66,1.0000166228930483
santander,22,21030926,401956,401940,6090,66,5382.926698624971,66,66,0.9999601946481704
santander,23,21030927,398670,398640,6040,66,5354.966474542045,66,66,0.9999247497930619
santander,24,21030928,413700,413688,6268,66,5536.157581459032,66,66,0.9999709934735316
santander,25,21030929,417962,417978,6333,66,5595.642323457985,66,66,1.0000382809920518
santander,26,21030930,420358,420354,6369,66,5651.1529851671075,66,66,0.9999904843014764
santander,27,21030931,450950,450978,6833,66,6031.881976415985,66,66,1.0000620911409248
santander,28,21030932,418052,418044,6334,66,5601.539346417063,66,66,0.9999808636246209
santander,29,21030933,423282,423258,6413,66,5674.59381266695,66,66,0.9999433002112067
bnp,0,21030904,462334,462330,7005,66,3385.1363791250624,66,66,0.9999913482460732
bnp,1,21030905,450602,450582,6827,66,3293.6812742089387,66,66,0.999955614932912
bnp,2,21030906,344272,344256,5216,66,2515.24189737509,66,66,0.9999535251196728
bnp,3,21030907,448128,448140,6790,66,3267.8112067920156,66,66,1.0000267780634104
bnp,4,21030908,411532,411510,6235,66,2998.009960874915,66,66,0.9999465412167219
bnp,5,21030909,428380,428406,6491,66,3118.0336741670035,66,66,1.0000606937765535
bnp,6,21030910,378684,378708,5738,66,2761.157903040992,66,66,1.000063377380613
bnp,7,21030911,424632,424644,6434,66,3095.0128534999676,66,66,1.0000282597637484
bnp,8,21030912,439164,439164,6654,66,3198.148260166985,66,66,1.0
bnp,9,21030913,449466,449460,6810,66,3276.1398632500786,66,66,0.9999866508256464
bnp,10,21030914,418620,418638,6343,66,3052.7170400000177,66,66,1.0000429984233912
bnp,11,21030915,444152,444180,6730,66,3239.0152017499786,66,66,1.0000630414812948
bnp,12,21030916,372950,372966,5651,66,2716.0376436250517,66,66,1.0000429011931895
bnp,13,21030917,456424,456456,6916,66,3323.1495676250197,66,66,1.0000701102483656
bnp,14,21030918,424194,424182,6427,66,3095.2537522499915,66,66,0.9999717110567334
bnp,15,21030919,432090,432102,6547,66,3147.6945500829024,66,66,1.0000277719919461
bnp,16,21030920,400072,400092,6062,66,2914.9014507919783,66,66,1.0000499910016196
bnp,17,21030921,399472,399498,6053,66,2915.3000757500995,66,66,1.0000650859134057
bnp,18,21030922,433062,433092,6562,66,3158.8687740839086,66,66,1.0000692741455035
bnp,19,21030923,389878,389862,5907,66,2843.7370358750923,66,66,0.9999589615212964
bnp,20,21030924,342028,342012,5182,66,2491.245239791926,66,66,0.9999532202041939
bnp,21,21030925,396140,396132,6002,66,2882.621269208961,66,66,0.9999798051194022
bnp,22,21030926,453754,453750,6875,66,3310.558748499956,66,66,0.9999911846507138
bnp,23,21030927,409704,409728,6208,66,2983.746344040963,66,66,1.000058578876457
bnp,24,21030928,402164,402138,6093,66,2928.7785442919703,66,66,0.9999353497578103
bnp,25,21030929,380120,380094,5759,66,2773.9080323750386,66,66,0.9999316005471957
bnp,26,21030930,404396,404382,6127,66,2952.31636341603,66,66,0.9999653804686496
bnp,27,21030931,435002,435006,6591,66,3174.457596833934,66,66,1.0000091953600214
bnp,28,21030932,448280,448272,6792,66,3269.1255648749648,66,66,0.9999821540108861
bnp,29,21030933,428548,428538,6493,66,3128.972435374977,66,66,0.9999766653910414
porto,0,21030904,424290,424314,6429,66,5628.591168500017,66,66,1.0000565650852011
porto,1,21030905,394176,394152,5972,66,5235.866018458037,66,66,0.9999391134924501
porto,2,21030906,416394,416394,6309,66,5540.691854499979,66,66,1.0
porto,3,21030907,403760,403788,6118,66,5357.367649624939,66,66,1.0000693481276006
porto,4,21030908,411652,411642,6237,66,5492.367572417017,66,66,0.9999757076365474
porto,5,21030909,399746,399762,6057,66,5330.783833084046,66,66,1.0000400254161392
porto,6,21030910,429986,429990,6515,66,5723.285921958974,66,66,1.0000093026284578
porto,7,21030911,419586,419562,6357,66,5586.576983667095,66,66,0.9999428007607499
porto,8,21030912,414882,414876,6286,66,5528.725877042045,66,66,0.9999855380566041
porto,9,21030913,437138,437118,6623,66,5842.416899374919,66,66,0.999954247857656
porto,10,21030914,437838,437844,6634,66,5817.44032075,66,66,1.0000137036986283
porto,11,21030915,405908,405900,6150,66,5422.649247833993,66,66,0.9999802911004464
porto,12,21030916,429222,429198,6503,66,5706.874377624947,66,66,0.9999440848791534
porto,13,21030917,425086,425106,6441,66,5645.227912625065,66,66,1.0000470493029645
porto,14,21030918,421002,421014,6379,66,5603.26144237502,66,66,1.0000285034275371
porto,15,21030919,405250,405240,6140,66,5381.443634000025,66,66,0.9999753238741518
porto,16,21030920,397808,397782,6027,66,5308.307357749902,66,66,0.9999346418372682
porto,17,21030921,399370,399366,6051,66,5311.012919042027,66,66,0.9999899842251546
porto,18,21030922,433390,433422,6567,66,5755.752027124981,66,66,1.0000738364983042
porto,19,21030923,435478,435468,6598,66,5770.711927541997,66,66,0.9999770367274581
porto,20,21030924,390462,390456,5916,66,5196.03642083297,66,66,0.9999846335879036
porto,21,21030925,409192,409200,6200,66,5436.0851561250165,66,66,1.0000195507243543
porto,22,21030926,417604,417582,6327,66,5546.553588166018,66,66,0.9999473185122748
porto,23,21030927,401376,401346,6081,66,5321.292092499905,66,66,0.9999252571155226
porto,24,21030928,438440,438438,6643,66,5813.486992832972,66,66,0.9999954383724112
porto,25,21030929,419784,419760,6360,66,5574.4170835420955,66,66,0.9999428277399806
porto,26,21030930,429818,429792,6512,66,5688.568097500014,66,66,0.9999395092806723
porto,27,21030931,422702,422730,6405,66,5613.848870250047,66,66,1.0000662405193257
porto,28,21030932,403090,403062,6107,66,5349.978522583959,66,66,0.9999305366047285
porto,29,21030933,430962,430980,6530,66,5713.064082415891,66,66,1.0000417670235426
uci_credit,0,21030904,441648,441672,6692,66,665.973306083004,66,66,1.0000543419193566
uci_credit,1,21030905,430458,430452,6522,66,703.2776018750155,66,66,0.9999860613579025
uci_credit,2,21030906,431426,431442,6537,66,702.5951295420527,66,66,1.0000370863137595
uci_credit,3,21030907,439512,439494,6659,66,717.0591755419737,66,66,0.9999590454868127
uci_credit,4,21030908,430466,430452,6522,66,701.6558221669402,66,66,0.9999674771062058
uci_credit,5,21030909,428148,428142,6487,66,697.7367734579602,66,66,0.9999859861543204
uci_credit,6,21030910,425058,425040,6440,66,691.2910815840587,66,66,0.9999576528379657
uci_credit,7,21030911,431270,431244,6534,66,702.8181433330756,66,66,0.9999397129408492
uci_credit,8,21030912,439262,439230,6655,66,714.1286175000714,66,66,0.9999271505388584
uci_credit,9,21030913,430538,430518,6523,66,701.5719263749197,66,66,0.9999535464929925
uci_credit,10,21030914,422554,422532,6402,66,687.9902265409473,66,66,0.9999479356484615
uci_credit,11,21030915,427696,427680,6480,66,696.8475466250675,66,66,0.9999625902510194
uci_credit,12,21030916,431960,431970,6545,66,702.1044308340643,66,66,1.0000231502916936
uci_credit,13,21030917,439308,439296,6656,66,715.7894720000913,66,66,0.9999726843126008
uci_credit,14,21030918,408926,408936,6196,66,662.9580164580839,66,66,1.0000244543022454
uci_credit,15,21030919,410480,410454,6219,66,667.1304627080681,66,66,0.9999366595205613
uci_credit,16,21030920,414522,414546,6281,66,671.8937416250119,66,66,1.0000578980126507
uci_credit,17,21030921,427550,427548,6478,66,693.1597349999938,66,66,0.9999953221845398
uci_credit,18,21030922,446504,446490,6765,66,722.8548780409619,66,66,0.9999686452976905
uci_credit,19,21030923,424218,424248,6428,66,688.314955625101,66,66,1.0000707183570712
uci_credit,20,21030924,376804,376794,5709,66,618.6479984170292,66,66,0.9999734610035987
uci_credit,21,21030925,438886,438900,6650,66,710.5431485420559,66,66,1.000031898944145
uci_credit,22,21030926,425224,425238,6443,66,688.3729211669415,66,66,1.000032923823679
uci_credit,23,21030927,430660,430650,6525,66,696.7916161669418,66,66,0.9999767798263131
uci_credit,24,21030928,430134,430122,6517,66,696.0298509589629,66,66,0.9999721017171394
uci_credit,25,21030929,417858,417846,6331,66,674.4312638330739,66,66,0.9999712821101906
uci_credit,26,21030930,426026,426030,6455,66,687.7155460000504,66,66,1.000009389098318
uci_credit,27,21030931,393632,393624,5964,66,635.8628556249896,66,66,0.9999796764490692
uci_credit,28,21030932,423620,423588,6418,66,681.3479137920076,66,66,0.9999244606014824
uci_credit,29,21030933,431326,431310,6535,66,683.1123194169486,66,66,0.9999629050880309
