topup_tier,replica_start,replica_end,replica_count,lane,source_stage,task_count,executable_canary_cell_count,deferred_or_refused_count_estimate,recommended_worker_type,estimated_runtime_seconds_p50,estimated_runtime_seconds_p90,estimated_runtime_seconds_max,can_run_on_personal_mac,can_run_on_dedicated_mac,requires_manual_review,notes
topup_to_5,2,5,4,standard,stage1_topup_to_005,57,2736,5256,dedicated_mac,27220,371000,2951000,partial,yes,no,canary methods only; 4 replicas of 684 cells each; per-replica observed runtime ~1.89 h
topup_to_5,2,5,4,heavy,stage1_topup_to_005,13,624,1296,dedicated_mac,139560,2700000,2170000,no,yes,no,canary methods only; 4 replicas of 156 cells each; per-replica observed runtime ~9.69 h; covers mnist_784/CIFAR_10/Fashion-MNIST/Internet-Advertisements/etc
topup_to_5,2,5,4,extreme,stage1_topup_to_005,2,96,288,dedicated_mac_or_university,123380,1900000,1024000,no,yes,yes,Devnagari-Script + letter under extreme.stage0_max_evaluations=1; per-replica observed runtime ~8.57 h; review devnagari_extreme_budget_non_equivalence before bumping replicas above 5
topup_to_10,6,10,5,standard,stage2_topup_to_010,57,3420,6570,dedicated_mac,34000,464000,3689000,partial,yes,no,canary methods only; 5 replicas of 684 cells each
topup_to_10,6,10,5,heavy,stage2_topup_to_010,13,780,1620,dedicated_mac_or_university,174450,3375000,2713000,no,yes,no,canary methods only; 5 replicas of 156 cells each; consider parallelising shards across dedicated_mac + university_mac if available
topup_to_10,6,10,5,extreme,stage2_topup_to_010,2,120,360,dedicated_mac_or_university,154220,2375000,1280000,no,yes,yes,re-evaluate Devnagari budget after topup_to_5 publishes 4 additional replicas
topup_to_30,11,30,20,standard,stage3_topup_to_030,57,13680,26280,dedicated_mac_or_university,136080,1856000,14757000,no,yes,yes,carries requires_manual_signoff_before_stage3; stage-3 signoff exists from Commit 45 but per-tier signoff still required
topup_to_30,11,30,20,heavy,stage3_topup_to_030,13,3120,6480,university_mac_preferred,697800,13500000,10852000,no,partial,yes,heavy stage-3 cells dominate runtime; prefer the future university Mac Pro Max once available
topup_to_30,11,30,20,extreme,stage3_topup_to_030,2,480,1440,university_mac_preferred,616880,9500000,5118000,no,partial,yes,extreme stage-3 cells are the long pole; do not dispatch before topup_to_10 is signed off and a policy A/B decision is recorded
