dataset,rep,variant,n_subproblems,n_success,n_front_real_weighted,n_front_real_support,total_nfev,n_real_objective_evals,seconds,anchor_auc_real_auc,anchor_auc_cost,anchor_ll_real_ll,anchor_ll_cost,surrogate_auc_reliable,surrogate_ll_reliable
santander,0,A,66,66,12,7,4458,0,20.199751499982085,0.8903991670592936,30.6451271693276,0.21109181267949453,15.488859548634503,False,True
santander,0,B,66,60,16,11,16646,0,58.65288412498194,0.8923213682044492,1.675902607195987,0.2087013050687046,0.8793865268512826,False,True
santander,0,C,66,54,32,24,98068,414698,2528.707799249998,0.8923213682044492,1.675902607195987,0.2087013050687046,0.8793865268512826,False,True
santander,1,A,66,66,15,9,5026,0,19.782363292004447,0.889528431437286,53.82085866702637,0.21140678199618856,27.508842695978398,False,True
santander,1,B,66,61,21,17,13874,0,50.01393549999921,0.8915344881796184,3.8901508638260567,0.20903278446590115,0.8619547561611166,False,True
santander,1,C,66,54,37,33,105767,447188,2712.837680166005,0.8915344881796184,3.8901508638260567,0.20903278446590115,0.8619547561611166,False,True
santander,2,A,66,66,13,7,4956,0,40.316485874995124,0.8903295955223801,53.712882126767646,0.20996678368030003,15.063605112417925,False,True
santander,2,B,66,59,26,17,7568,0,23.523187249986222,0.8921849459863211,2.1071953796971954,0.2089357513898753,0.8627308530516298,False,True
santander,2,C,66,55,37,29,101007,428142,2596.0582388750045,0.8921849459863211,2.1071953796971954,0.2089357513898753,0.8627308530516298,False,True
santander,3,A,66,54,9,8,6790,0,81.04228345898446,0.8880167450137411,0.7824333995814267,0.21118188142535937,27.5404100347987,False,True
santander,3,B,66,56,14,4,5278,0,53.15556904202094,0.8923224170476483,7.113125703805133,0.2088225401982656,0.8626439844378313,False,True
santander,3,C,66,54,34,32,98746,438460,2672.073324375,0.8923224170476483,7.113125703805133,0.2088225401982656,0.8626439844378313,False,True
santander,4,A,66,66,13,6,6421,0,40.81192704100977,0.8915537078963203,54.112382944659124,0.21003231529563346,27.76284196494044,False,True
santander,4,B,66,60,18,15,15323,0,54.88118187501095,0.8933832573361516,5.454195809711651,0.20760006404101947,0.8605814550996389,False,True
santander,4,C,66,54,36,32,104656,430278,2627.640561542008,0.8933832573361516,5.454195809711651,0.20760006404101947,0.8605814550996389,False,True
santander,5,A,66,66,14,7,5667,0,16.801458207977703,0.8898555261752118,53.304505467446276,0.21164770575886424,28.27388936518603,False,True
santander,5,B,66,61,21,17,9826,0,43.76789374998771,0.8918406989671547,2.6378920300106623,0.20925633152824372,0.8755076431732371,False,True
santander,5,C,66,54,37,31,101955,419824,2569.9908076249994,0.8918406989671547,2.6378920300106623,0.20925633152824372,0.8755076431732371,False,True
santander,6,A,66,66,13,8,5254,0,30.41887512500398,0.890874378163253,54.94365599419066,0.2108789950427934,27.837006733142825,False,True
santander,6,B,66,66,20,11,4682,0,18.15365362499142,0.8926675979564535,6.857803763338608,0.20848626711812684,0.8691494208769266,False,True
santander,6,C,66,54,36,32,101649,425146,2596.44958020802,0.8926675979564535,6.857803763338608,0.20848626711812684,0.8691494208769266,False,True
santander,7,A,66,66,14,10,5054,0,17.512897333013825,0.8899067682372817,53.60147918269155,0.2118089785610453,27.213763684447414,False,True
santander,7,B,66,66,26,17,3419,0,14.386828291986603,0.8916665979106085,2.649486297153784,0.20946947881247094,0.8640546995698775,False,True
santander,7,C,66,55,38,30,102828,420570,2569.584963125002,0.8916665979106085,2.649486297153784,0.20946947881247094,0.8640546995698775,False,True
santander,8,A,66,66,13,8,5078,0,21.992841500032227,0.8897818171744384,54.565245508185804,0.21219016198184573,27.86557086732837,False,True
santander,8,B,66,66,16,8,5527,0,19.500122792029288,0.8913337036359167,16.69656841211822,0.20981339396191165,0.8674189245312969,False,True
santander,8,C,66,56,45,32,101917,422800,2586.2525714170188,0.8913337036359167,16.69656841211822,0.20981339396191165,0.8674189245312969,False,True
santander,9,A,66,54,9,8,7500,0,92.12009691703133,0.8869939504643051,0.7912667002529464,0.21182088835817917,27.568258622368575,False,True
santander,9,B,66,59,11,4,4374,0,42.12276462500449,0.8914483819127339,12.89123006059523,0.20940548011319224,0.8764033340772082,False,True
santander,9,C,66,56,51,37,101058,440974,2668.6263598749647,0.8914483819127339,12.89123006059523,0.20940548011319224,0.8764033340772082,False,True
santander,10,A,66,66,15,8,5165,0,25.55459187499946,0.8913300549407663,46.16259486372971,0.21041537062606194,23.857429715176448,False,True
santander,10,B,66,60,14,9,11868,0,73.5555083330255,0.8932379486892217,1.8215181777486225,0.20800390770867397,0.8757192596175025,False,True
santander,10,C,66,54,32,24,99548,396986,2452.259885416017,0.8932379486892217,1.8215181777486225,0.20800390770867397,0.8757192596175025,False,True
santander,11,A,66,66,13,10,4785,0,21.78143154195277,0.8909093119452226,53.605142780037596,0.2110409802161441,27.058893235156514,False,True
santander,11,B,66,66,19,11,3738,0,14.616470624983776,0.892691871308248,1.1997838964414294,0.20868305649141344,0.8715056123636249,False,True
santander,11,C,66,55,23,13,100791,416244,2567.5497691670316,0.892691871308248,1.1997838964414294,0.20868305649141344,0.8715056123636249,False,True
santander,12,A,66,66,12,7,4991,0,54.094789291964844,0.890845777198852,53.706527436340274,0.21135972475611717,27.960038409319548,False,True
santander,12,B,66,66,18,7,5563,0,16.089759041031357,0.89257670555919,1.2355569928916776,0.20891828175386531,0.8653255266909866,False,True
santander,12,C,66,56,22,13,99113,402052,2480.457617875014,0.89257670555919,1.2355569928916776,0.20891828175386531,0.8653255266909866,False,True
santander,13,A,66,66,13,9,4965,0,20.807469209015835,0.8902596294268178,53.73568855078525,0.21148880073861373,27.285621070416155,False,True
santander,13,B,66,66,25,17,3974,0,14.867424874973949,0.8919922626435299,4.172167353513835,0.20913608283560078,0.8805894723880381,False,True
santander,13,C,66,55,37,33,101920,426480,2633.219153916987,0.8919922626435299,4.172167353513835,0.20913608283560078,0.8805894723880381,False,True
santander,14,A,66,66,13,9,5526,0,21.110254667000845,0.8902520610745535,53.1788185333859,0.21126029592544218,27.44365307146512,False,True
santander,14,B,66,66,20,10,4432,0,14.369350624969229,0.8921155365079984,1.455639200873365,0.20888741747939338,0.8875238686486634,False,True
santander,14,C,66,56,25,17,104053,425958,2630.08395929198,0.8921155365079984,1.455639200873365,0.20888741747939338,0.8875238686486634,False,True
santander,15,A,66,66,13,7,5377,0,24.241473709000275,0.8899135643263416,54.13536316974749,0.21142467336163248,28.204012668239347,False,True
santander,15,B,66,59,10,4,22857,0,69.09410774998832,0.891999308951054,1.252189889264022,0.20894552628421356,0.8676695858673942,False,True
santander,15,C,66,54,21,14,101646,368054,2269.346569958958,0.891999308951054,1.252189889264022,0.20894552628421356,0.8676695858673942,False,True
santander,16,A,66,53,11,7,5281,0,60.31458287499845,0.8880669209463622,0.7810333976523334,0.21093972870064973,27.70937079280176,False,True
santander,16,B,66,54,11,4,5444,0,43.140739458962344,0.8928080046551318,4.243402475577215,0.20848745407081465,0.8818127576628513,False,True
santander,16,C,66,55,35,32,100855,360966,2228.3842654170003,0.8928080046551318,4.243402475577215,0.20848745407081465,0.8818127576628513,False,True
santander,17,A,66,66,13,7,4148,0,22.990689416008536,0.8898163213931035,53.978000337451896,0.21160829863783095,28.112776098177516,False,True
santander,17,B,66,59,17,10,14644,0,60.9973022909835,0.8918350688356353,1.661100788698678,0.2091550943316317,0.8754560480859138,False,True
santander,17,C,66,54,31,24,97257,415668,2567.928659875004,0.8918350688356353,1.661100788698678,0.2091550943316317,0.8754560480859138,False,True
santander,18,A,66,66,13,9,4898,0,25.519079666002654,0.8901834783111214,53.66821486172126,0.21128611159184965,28.01448898256675,False,True
santander,18,B,66,66,23,15,4006,0,16.14233795797918,0.8921402217046915,4.293007418306732,0.20882431892834302,0.8730791207002058,False,True
santander,18,C,66,54,36,31,97742,417790,2575.808064041019,0.8921402217046915,4.293007418306732,0.20882431892834302,0.8730791207002058,False,True
santander,19,A,66,66,13,8,5072,0,26.150669499998912,0.8900894104297925,54.19449943065106,0.21125982395589948,27.11782464839303,False,True
santander,19,B,66,66,20,10,5491,0,15.796051708981395,0.8918300350797298,1.4170281282287847,0.2088824813019518,0.8900566375228312,False,True
santander,19,C,66,55,28,19,106415,433934,2669.44159129099,0.8918300350797298,1.4170281282287847,0.2088824813019518,0.8900566375228312,False,True
santander,20,A,66,66,13,9,5400,0,22.63491174997762,0.8908263906698408,53.65939366425736,0.21091595031607394,27.504208550282108,False,True
santander,20,B,66,63,17,10,9949,0,44.079750667035114,0.8927459833199203,1.6584188707650873,0.20851690675401868,0.8863318954332631,False,True
santander,20,C,66,55,33,24,101034,302976,1863.144494291977,0.8927459833199203,1.6584188707650873,0.20851690675401868,0.8863318954332631,False,True
santander,21,A,66,54,10,5,11710,0,61.34797212498961,0.8881162874503423,0.7937333022709939,0.21088437178269773,27.227238286380718,False,True
santander,21,B,66,54,10,4,4664,0,47.69691495801089,0.8926235322809364,3.132501943582369,0.20854591458253594,0.8805418580919345,False,True
santander,21,C,66,55,35,29,101284,360948,2221.4266841250355,0.8926235322809364,3.132501943582369,0.20854591458253594,0.8805418580919345,False,True
santander,22,A,66,66,13,8,6716,0,27.52674262499204,0.8905076935920074,53.06428040980406,0.21125978584545446,26.9266461358108,False,True
santander,22,B,66,66,20,11,4543,0,15.024931291001849,0.8923771012341848,2.1088064508723443,0.20887805840180568,0.8968781620437336,False,True
santander,22,C,66,55,37,29,96331,401956,2469.883699500002,0.8923771012341848,2.1088064508723443,0.20887805840180568,0.8968781620437336,False,True
santander,23,A,66,66,14,8,5289,0,25.603053166996688,0.8900743566992625,54.10055239808923,0.21154433373188336,27.65557886803717,False,True
santander,23,B,66,66,21,12,7473,0,17.88363058399409,0.8919514597476392,1.2156461010775825,0.20912188151802394,0.8868894082773047,False,True
santander,23,C,66,56,21,13,99162,398670,2451.563127166999,0.8919514597476392,1.2156461010775825,0.20912188151802394,0.8868894082773047,False,True
santander,24,A,66,66,12,9,6914,0,30.451052749995142,0.8914505245433811,53.923226747060355,0.21052844315156705,26.947304044460715,False,True
santander,24,B,66,66,25,17,4019,0,14.948446416994557,0.8933129463799083,2.3514092802382316,0.20814650488471712,0.8786897844967182,False,True
santander,24,C,66,55,40,30,94861,413700,2541.0719105830067,0.8933129463799083,2.3514092802382316,0.20814650488471712,0.8786897844967182,False,True
santander,25,A,66,66,14,8,5716,0,20.1293674170156,0.8901750257671863,53.56216117426988,0.21139584185195895,27.26471344479742,False,True
santander,25,B,66,60,18,10,17305,0,48.622473625000566,0.8919476252253049,1.158761271611171,0.2090045346514021,0.8859807573646047,False,True
santander,25,C,66,50,21,13,101751,417962,2561.097521040996,0.8919476252253049,1.158761271611171,0.2090045346514021,0.8859807573646047,False,True
santander,26,A,66,66,13,9,4984,0,28.380469291994814,0.8900453279001821,53.909753565924206,0.21111495038388398,27.514346261257273,False,True
santander,26,B,66,64,24,16,11095,0,35.14884387498023,0.8918324292253098,3.1296173874553865,0.20876530577142044,0.8797780571673768,False,True
santander,26,C,66,54,38,32,100335,420358,2581.5723544580396,0.8918324292253098,3.1296173874553865,0.20876530577142044,0.8797780571673768,False,True
santander,27,A,66,66,13,8,5607,0,21.135575583961327,0.8913676045644681,54.32621179041234,0.2108305076217805,27.33737955150636,False,True
santander,27,B,66,66,18,9,4546,0,18.08507587504573,0.8929705087989267,8.824504122663962,0.2084486612271875,0.8721868913651429,False,True
santander,27,C,66,55,35,31,106183,450950,2761.9111187920207,0.8929705087989267,8.824504122663962,0.2084486612271875,0.8721868913651429,False,True
santander,28,A,66,66,13,9,4765,0,21.91860062495107,0.8906616790719623,53.45325871506067,0.2109488649321272,27.193219834714185,False,True
santander,28,B,66,66,25,16,4339,0,14.93242183397524,0.892406594169069,2.392280436687861,0.208575232243334,0.8749574864733917,False,True
santander,28,C,66,55,40,32,98493,418052,2560.9866090830183,0.892406594169069,2.392280436687861,0.208575232243334,0.8749574864733917,False,True
santander,29,A,66,66,15,11,5786,0,27.28316333302064,0.8923464336986352,53.69248182424969,0.21046193125429208,27.033487035789143,False,True
santander,29,B,66,66,20,11,3624,0,13.629219208960421,0.8939807090190052,1.4163193833169236,0.20807578389310832,0.8905571476198867,False,True
santander,29,C,66,56,28,18,106321,423282,2587.913153417001,0.8939807090190052,1.4163193833169236,0.20807578389310832,0.8905571476198867,False,True
bnp,0,A,66,66,8,20,1474,0,5.078237167006591,0.7486220438830112,3.5061959002633043,0.4736531440666717,3.5061959002632648,False,False
bnp,0,B,66,66,43,9,1211,0,4.242619249998825,0.7544200477470128,4.4396861575141555,0.4688854690086326,3.9319832331574744,False,False
bnp,0,C,66,57,36,13,108976,462334,1555.7160008749925,0.7544200477470128,4.4396861575141555,0.4688854690086326,3.9319832331574744,False,False
bnp,1,A,66,66,8,27,1463,0,5.044836417015176,0.746116793074389,3.4961499972268975,0.4750593137358269,3.496149997226894,False,False
bnp,1,B,66,66,46,10,1141,0,4.395648708043154,0.7530903771805648,4.365700802380066,0.46981362065325344,3.822901104302326,False,False
bnp,1,C,66,51,35,13,105862,450602,1518.0347029159893,0.7530903771805648,4.365700802380066,0.46981362065325344,3.822901104302326,False,False
bnp,2,A,66,66,7,19,1445,0,5.22380754200276,0.7470577601576581,3.487608401337639,0.47488519813121993,3.4876084013376385,False,False
bnp,2,B,66,66,43,9,1148,0,4.147883375000674,0.754197879887197,4.394161095009468,0.46927159999798423,3.874689203684535,False,False
bnp,2,C,66,56,34,14,108428,344272,1170.5104687910061,0.754197879887197,4.394161095009468,0.46927159999798423,3.874689203684535,False,False
bnp,3,A,66,66,8,27,1464,0,4.881236707966309,0.7502753632590883,3.474450000794715,0.4725341577929336,3.4744500007946044,False,False
bnp,3,B,66,66,43,9,1208,0,4.233343832951505,0.7565171832472094,4.242991782447815,0.4676369335025851,3.8146229050292226,False,False
bnp,3,C,66,55,32,14,105973,448128,1513.734731125005,0.7565171832472094,4.242991782447815,0.4676369335025851,3.8146229050292226,False,False
bnp,4,A,66,66,8,27,1605,0,5.055993415997364,0.7493997737878455,3.508612501900643,0.4726574727870337,3.5086125019006458,False,True
bnp,4,B,66,66,44,10,1127,0,4.19542233395623,0.7558072309594948,4.46918867183963,0.46797993201368876,3.896160172088772,False,True
bnp,4,C,66,54,32,13,104822,411532,1393.2287040000083,0.7558072309594948,4.46918867183963,0.46797993201368876,3.896160172088772,False,True
bnp,5,A,66,66,32,27,1458,0,4.902902583009563,0.7484343797960639,3.447391599183902,0.47382078350744794,3.447391599183902,False,True
bnp,5,B,66,66,44,10,1142,0,4.153096917027142,0.754755630152809,4.3844014306994445,0.4688486043616247,3.8108739240547522,False,True
bnp,5,C,66,60,34,13,107839,428380,1448.5553972919588,0.754755630152809,4.3844014306994445,0.4688486043616247,3.8108739240547522,False,True
bnp,6,A,66,66,8,27,1423,0,4.871782417001668,0.7481416337650896,3.4573249984532874,0.47424005108482303,3.4573249984532595,False,False
bnp,6,B,66,66,47,11,1135,0,4.173255667032208,0.7543993652147668,4.380282471842702,0.46920928544973467,3.8110624487834937,False,False
bnp,6,C,66,54,36,14,105069,378684,1282.4735996249947,0.7543993652147668,4.380282471842702,0.46920928544973467,3.8110624487834937,False,False
bnp,7,A,66,63,24,7,4359,0,64.02394483302487,0.7480868815524283,18.473320346491025,0.5302079282313366,3.517005510426686,False,False
bnp,7,B,66,61,6,6,5585,0,32.980982541979756,0.7542976606415687,4.384141678832963,0.4692761476457475,3.857510734733107,False,False
bnp,7,C,66,55,37,14,105155,424632,1434.9546067080228,0.7542976606415687,4.384141678832963,0.4692761476457475,3.857510734733107,False,False
bnp,8,A,66,46,16,4,22196,0,110.05596870800946,0.7531040478042604,4.394466510029363,0.5308308100733475,3.5752431191587997,True,False
bnp,8,B,66,63,41,20,5719,0,50.116661458974704,0.7531379004384492,4.508658888035043,0.4701109120860312,3.9762659945792738,True,False
bnp,8,C,66,55,34,13,105027,439164,1484.8244553750264,0.7531379004384492,4.508658888035043,0.4701109120860312,3.9762659945792738,True,False
bnp,9,A,66,62,25,8,5039,0,37.47999412496574,0.7519826554545584,31.260718480239678,0.495323432714678,3.567812840384541,True,False
bnp,9,B,66,66,63,18,3404,0,57.31684937502723,0.7552437177877092,4.464013257248776,0.4684092295758387,3.9034996647014846,True,False
bnp,9,C,66,51,31,13,104735,449466,1513.0389183750376,0.7552437177877092,4.464013257248776,0.4684092295758387,3.9034996647014846,True,False
bnp,10,A,66,12,4,3,16442,0,85.27515575004509,0.7471470135123246,3.484070900594816,0.4958441112818714,3.5280885035585605,False,False
bnp,10,B,66,65,44,13,5488,0,62.78719095798442,0.7540000238356219,4.3617684311939025,0.46935551437844,3.856460036522121,False,False
bnp,10,C,66,55,35,13,102664,418620,1415.045493750018,0.7540000238356219,4.3617684311939025,0.46935551437844,3.856460036522121,False,False
bnp,11,A,66,66,8,27,1409,0,5.049627917003818,0.746581330535989,3.3694666984956805,0.47468922450606676,3.369466698495671,False,False
bnp,11,B,66,66,47,13,1160,0,4.211972124991007,0.7530599893934113,4.25781032683412,0.46969526196626754,3.70355043021812,False,False
bnp,11,C,66,50,30,13,105892,444152,1504.964727292012,0.7530599893934113,4.25781032683412,0.46969526196626754,3.70355043021812,False,False
bnp,12,A,66,66,8,27,1598,0,5.60576345800655,0.7486752425708628,3.4741792012937367,0.47326546165848987,3.474179201293746,False,False
bnp,12,B,66,66,48,13,1153,0,4.289834040973801,0.7550676768550533,4.373056474709097,0.46827391446347905,3.8285798885673428,False,False
bnp,12,C,66,54,31,14,98096,372950,1261.2592890419764,0.7550676768550533,4.373056474709097,0.46827391446347905,3.8285798885673428,False,False
bnp,13,A,66,66,7,19,1493,0,5.114062250009738,0.7460175891368074,3.3920250018127263,0.4755224028092836,3.392025001812726,False,False
bnp,13,B,66,66,43,9,1181,0,4.365972749947105,0.7532350654569325,4.382101560607438,0.4699761414909157,3.81631185339745,False,False
bnp,13,C,66,58,34,13,107796,456424,1541.3518212920171,0.7532350654569325,4.382101560607438,0.4699761414909157,3.81631185339745,False,False
bnp,14,A,66,66,8,27,1621,0,5.181080499954987,0.7486349219591218,3.427458298392594,0.4736915027968016,3.4274582983925987,False,False
bnp,14,B,66,66,40,7,1163,0,4.249282083008438,0.7550599368550701,4.422844522317404,0.4686352884029581,3.8906616926582074,False,False
bnp,14,C,66,58,34,13,106242,424194,1433.3999340829905,0.7550599368550701,4.422844522317404,0.4686352884029581,3.8906616926582074,False,False
bnp,15,A,66,66,8,27,1560,0,5.223075542016886,0.7478293950098205,3.48315829760395,0.47450130534047763,3.4831582976039495,False,False
bnp,15,B,66,66,43,9,1137,0,4.172469625016674,0.7543983674598403,4.38951870535526,0.4692030148248396,3.8765444149878014,False,False
bnp,15,C,66,55,35,13,106866,432090,1460.7858884999878,0.7543983674598403,4.38951870535526,0.4692030148248396,3.8765444149878014,False,False
bnp,16,A,66,66,32,27,1467,0,5.066248707997147,0.7481670794754353,3.43550419784151,0.47393918541856894,3.43550419784151,False,False
bnp,16,B,66,66,42,8,1259,0,4.254122207988985,0.7543411645979662,4.334286791105178,0.4689899050042574,3.8250835952049647,False,False
bnp,16,C,66,55,31,14,106666,400072,1352.525493208028,0.7543411645979662,4.334286791105178,0.4689899050042574,3.8250835952049647,False,False
bnp,17,A,66,66,8,20,1486,0,5.228750709036831,0.7506348325886938,3.4277874976396836,0.4723531182017631,3.427787497639656,False,False
bnp,17,B,66,66,43,9,1143,0,4.176457249966916,0.7563502799606928,4.308939003149736,0.4678608472410724,3.7871400024728863,False,False
bnp,17,C,66,56,32,15,106633,399472,1349.5849962499924,0.7563502799606928,4.308939003149736,0.4678608472410724,3.7871400024728863,False,False
bnp,18,A,66,62,29,8,7289,0,30.505669125006534,0.7520833359641966,29.255522830210694,0.49397080998572224,3.5115914240131683,True,False
bnp,18,B,66,66,60,15,3719,0,157.78092208399903,0.7552423628930826,4.362924384144565,0.4685324201924892,3.83116569844566,True,False
bnp,18,C,66,56,32,12,102361,433062,1461.4541634579655,0.7552423628930826,4.362924384144565,0.4685324201924892,3.83116569844566,True,False
bnp,19,A,66,66,8,27,1482,0,5.055784708005376,0.7483757325902092,3.3915332984179263,0.47414518221269625,3.3915332984179254,False,False
bnp,19,B,66,66,43,9,1280,0,4.41623975004768,0.7544778425531413,4.28827388954042,0.4690422128230109,3.783541879166958,False,False
bnp,19,C,66,57,37,14,106441,389878,1317.3170469999895,0.7544778425531413,4.28827388954042,0.4690422128230109,3.783541879166958,False,False
bnp,20,A,66,62,25,8,4887,0,30.90294866601471,0.7512602545791756,29.63386309353865,0.4958601505727172,3.4217526831608587,False,False
bnp,20,B,66,66,59,17,5806,0,142.33505008299835,0.7544670724562919,4.2603174186342425,0.468886604787005,3.764717467547372,False,False
bnp,20,C,66,54,33,13,106641,342028,1151.367515958962,0.7544670724562919,4.2603174186342425,0.468886604787005,3.764717467547372,False,False
bnp,21,A,66,66,8,27,1519,0,5.168091833998915,0.7487119944164661,3.4036665980238614,0.4737734872441603,3.4036665980238467,False,False
bnp,21,B,66,66,48,11,1167,0,4.254790499981027,0.7549496773719654,4.399098332452359,0.46867544577649317,3.787680921447074,False,False
bnp,21,C,66,57,34,13,103628,396140,1336.0436472090078,0.7549496773719654,4.399098332452359,0.46867544577649317,3.787680921447074,False,False
bnp,22,A,66,66,8,27,1438,0,5.072287541988771,0.7477703150269442,3.5287374979816373,0.47467168458507497,3.5287374979816373,False,False
bnp,22,B,66,66,43,9,1154,0,4.293103916977998,0.754178611444003,4.424701995928773,0.4694433709506754,3.924622511712934,False,False
bnp,22,C,66,57,33,14,108044,453754,1529.2816083339858,0.754178611444003,4.424701995928773,0.4694433709506754,3.924622511712934,False,False
bnp,23,A,66,60,35,7,8497,0,81.64839245798066,0.7481585370621296,16.11571798362061,0.5001285736165344,3.5321293190211915,False,False
bnp,23,B,66,66,57,16,3581,0,164.98144462500932,0.7548337345663032,4.390240224159224,0.46892194199510395,3.8679211467059336,False,False
bnp,23,C,66,54,35,14,105957,409704,1383.3426204579882,0.7548337345663032,4.390240224159224,0.46892194199510395,3.8679211467059336,False,False
bnp,24,A,66,66,8,20,1448,0,5.044175417046063,0.7517924335107167,3.43838750268334,0.4718235734142799,3.438387502683328,False,False
bnp,24,B,66,66,43,8,1142,0,4.239920583029743,0.7576200648423629,4.374531579323152,0.46705375690362944,3.7874629531857353,False,False
bnp,24,C,66,56,33,13,105330,402164,1359.7274095000466,0.7576200648423629,4.374531579323152,0.46705375690362944,3.7874629531857353,False,False
bnp,25,A,66,66,8,27,1459,0,4.99186704098247,0.7477753774657504,3.397054201923354,0.4740081817476631,3.3970542019233108,False,True
bnp,25,B,66,66,45,11,1128,0,4.306592208973598,0.7545606812052384,4.344249240870908,0.4687831118855233,3.740104906561963,False,True
bnp,25,C,66,52,29,13,106806,380120,1282.9231267080177,0.7545606812052384,4.344249240870908,0.4687831118855233,3.740104906561963,False,True
bnp,26,A,66,58,13,9,10767,0,67.14949016703758,0.7449803146965078,4.568486310577614,0.5009344815927642,3.473653773842644,False,False
bnp,26,B,66,66,60,16,6076,0,94.94694270804757,0.7534926039590916,4.515100402552328,0.46985847367583,3.8565407556227145,False,False
bnp,26,C,66,60,38,13,105076,404396,1369.3127159170108,0.7534926039590916,4.515100402552328,0.46985847367583,3.8565407556227145,False,False
bnp,27,A,66,62,29,7,4418,0,52.071596958034206,0.7520740976875343,27.837043165924854,0.4948743907287371,3.4693747360626395,True,False
bnp,27,B,66,66,62,20,4665,0,189.03679554199334,0.7550333940747064,4.348543034003922,0.4686772931139257,3.794278524527724,True,False
bnp,27,C,66,52,32,13,105270,435002,1472.5965398750268,0.7550333940747064,4.348543034003922,0.4686772931139257,3.794278524527724,True,False
bnp,28,A,66,66,8,27,1484,0,5.189860749989748,0.7468985626699012,3.4756874956656256,0.475042832307785,3.4756874956656247,False,False
bnp,28,B,66,66,43,9,1499,0,4.459178124961909,0.7536316477181365,4.4052573697068995,0.46979212600047837,3.883601516669291,False,False
bnp,28,C,66,56,35,13,105656,448280,1515.845312874997,0.7536316477181365,4.4052573697068995,0.46979212600047837,3.883601516669291,False,False
bnp,29,A,66,66,8,27,1528,0,5.114774458983447,0.7503271991597233,3.38712499942633,0.4726666395566998,3.3871249994263053,True,False
bnp,29,B,66,66,45,11,1204,0,4.519244291004725,0.7567070270044443,4.241700760799292,0.4676362026754933,3.7548311100805964,True,False
bnp,29,C,66,51,34,13,103976,428548,1453.584759499994,0.7567070270044443,4.241700760799292,0.4676362026754933,3.7548311100805964,True,False
porto,0,A,66,5,4,3,66807,0,113.93169587498414,0.6239396855132971,2.53415646449011,0.1529650236416337,3.415253490716302,True,True
porto,0,B,66,66,64,9,4380,0,17.72158762498293,0.6253656791863849,23.715905630352346,0.15276778544579953,20.7415256645571,True,True
porto,0,C,66,61,59,10,99847,424290,2525.955589417019,0.6253656791863849,23.715905630352346,0.15276778544579953,20.7415256645571,True,True
porto,1,A,66,66,66,2,4349,0,31.345272165955976,0.6273499819002789,2.2700474686743344,0.15264623190712093,2.2828214612170328,True,False
porto,1,B,66,66,63,4,6470,0,23.84662758302875,0.6281024211718085,13.804278986275545,0.15259469232796058,11.32088728204319,True,False
porto,1,C,66,59,38,13,98051,394176,2375.532796665968,0.6281024211718085,13.804278986275545,0.15259469232796058,11.32088728204319,True,False
porto,2,A,66,32,18,3,38132,0,58.159073291986715,0.6312584910843881,2.3213588702958297,0.15272003746480917,3.512428248844725,False,False
porto,2,B,66,66,49,6,5032,0,18.979140584007837,0.6316825170022776,11.76455643894679,0.15244815281414117,9.71601245678491,False,False
porto,2,C,66,65,41,9,97886,416394,2504.8848643329693,0.6316825170022776,11.76455643894679,0.15244815281414117,9.71601245678491,False,False
porto,3,A,66,20,18,3,31913,0,83.96479712502332,0.6300903441413458,2.2497253130614254,0.15265143220859492,3.2702447319742305,True,True
porto,3,B,66,66,63,5,7280,0,17.721442624984775,0.6316936202317974,22.355754209066713,0.1524570228823992,17.423520044939774,True,True
porto,3,C,66,65,59,12,100188,403760,2430.81882437499,0.6316936202317974,22.355754209066713,0.1524570228823992,17.423520044939774,True,True
porto,4,A,66,23,11,3,66715,0,61.4198757080012,0.6323589108854509,2.538142891360412,0.1524605396011048,3.2888243789707543,False,True
porto,4,B,66,66,38,6,4856,0,21.84740929096006,0.6333758712815314,20.46646503370598,0.15228136443169565,17.730907659014218,False,True
porto,4,C,66,66,53,10,99547,411652,2463.1018991660094,0.6333758712815314,20.46646503370598,0.15228136443169565,17.730907659014218,False,True
porto,5,A,66,22,12,3,20207,0,68.52788995899027,0.6334734413419199,2.764539459734343,0.1526705343131858,3.9189794907522524,True,True
porto,5,B,66,66,56,5,4305,0,18.47623587498674,0.6340001768597762,15.040301229536295,0.1523247703273971,8.06222241261872,True,True
porto,5,C,66,66,62,15,97912,399746,2390.6025830419967,0.6340001768597762,15.040301229536295,0.1523247703273971,8.06222241261872,True,True
porto,6,A,66,33,12,3,26457,0,62.27639629098121,0.6288474764564821,2.4462982175890016,0.15276055556617973,3.2267921816884204,False,True
porto,6,B,66,66,55,9,4482,0,26.48882354097441,0.6294601004540751,16.991195178854845,0.15261761768844662,15.188932727475997,False,True
porto,6,C,66,66,51,11,101963,429986,2561.8226111250115,0.6294601004540751,16.991195178854845,0.15261761768844662,15.188932727475997,False,True
porto,7,A,66,45,13,4,51036,0,158.54270045796875,0.6297719985462565,2.4085276502809947,0.20048455074366012,1.4105210357534312,False,False
porto,7,B,66,66,57,8,4292,0,83.49534158397,0.6302436594653587,16.301119319352917,0.15252580468027346,13.045468962258184,False,False
porto,7,C,66,63,56,12,99580,419586,2508.170498249994,0.6302436594653587,16.301119319352917,0.15252580468027346,13.045468962258184,False,False
porto,8,A,66,59,12,4,33243,0,124.64710387500236,0.6257722889497065,2.461399621338433,0.1981360103924049,3.768084787615172,True,False
porto,8,B,66,66,42,8,4971,0,40.779720124963205,0.6263686901980481,17.155314063826548,0.152745960948361,15.152069479802543,True,False
porto,8,C,66,66,55,13,101019,414882,2473.3551041670144,0.6263686901980481,17.155314063826548,0.152745960948361,15.152069479802543,True,False
porto,9,A,66,64,11,3,18767,0,98.67208599997684,0.6314765439199138,2.3387160646658707,0.1769348421203488,3.6659977062273774,True,False
porto,9,B,66,66,65,12,4082,0,59.419333458004985,0.6325277182343043,19.476594934752608,0.15243424125196633,15.98052717986369,True,False
porto,9,C,66,65,62,13,102484,437138,2621.432716459036,0.6325277182343043,19.476594934752608,0.15243424125196633,15.98052717986369,True,False
porto,10,A,66,57,9,3,21311,0,68.64328137499979,0.6311594384431172,2.5416963958502885,0.18006836076230875,1.413112201018882,False,False
porto,10,B,66,66,66,6,6414,0,139.1548105420079,0.6320391850331412,12.880643599018683,0.15240613236563352,13.24402960522641,False,False
porto,10,C,66,61,50,6,105720,437838,2631.8199895410216,0.6320391850331412,12.880643599018683,0.15240613236563352,13.24402960522641,False,False
porto,11,A,66,13,12,3,42078,0,86.10345458297525,0.6318485404802016,2.4269538276883154,0.1526690962658332,3.671430057595753,False,False
porto,11,B,66,66,63,7,4836,0,19.0159031249932,0.632640128562296,15.589540159916988,0.15238717114048508,13.982937893060857,False,False
porto,11,C,66,66,59,11,103204,405908,2447.5959083329653,0.632640128562296,15.589540159916988,0.15238717114048508,13.982937893060857,False,False
porto,12,A,66,28,18,3,31588,0,51.346674958011135,0.6295765903819744,2.262981678448906,0.1527672480928287,3.613549424686502,True,False
porto,12,B,66,66,62,5,5682,0,26.97632145899115,0.6307926036666821,22.426143538466725,0.15244553360997373,17.815892662662453,True,False
porto,12,C,66,66,62,12,100513,429222,2588.229832959012,0.6307926036666821,22.426143538466725,0.15244553360997373,17.815892662662453,True,False
porto,13,A,66,38,12,3,13983,0,43.20006670901785,0.6310352164054691,2.431432517666258,0.15263321609055833,3.3778212484401613,True,False
porto,13,B,66,66,48,4,5163,0,19.825201208004728,0.6316873162044592,17.030809558788697,0.1524537378183179,11.582446867181934,True,False
porto,13,C,66,65,61,14,100717,425086,2548.151832291973,0.6316873162044592,17.030809558788697,0.1524537378183179,11.582446867181934,True,False
porto,14,A,66,37,13,3,6972,0,49.78901720797876,0.6351777375797047,2.2145413727068863,0.15265893369521247,3.8633186709195546,True,True
porto,14,B,66,66,66,5,4505,0,17.938948416966014,0.6357240525078053,15.812269238306923,0.15220359985571144,13.320341533976565,True,True
porto,14,C,66,65,54,13,102281,421002,2533.524656458001,0.6357240525078053,15.812269238306923,0.15220359985571144,13.320341533976565,True,True
porto,15,A,66,63,7,3,17193,0,117.7885215409915,0.6273087688210585,2.639092974248399,0.17674879192054396,3.9602980875481215,True,False
porto,15,B,66,66,60,4,6885,0,138.0104826669558,0.6283048529657027,15.653269226316473,0.1525692972292031,13.474869796014785,True,False
porto,15,C,66,65,54,14,95439,405250,2436.334051416954,0.6283048529657027,15.653269226316473,0.1525692972292031,13.474869796014785,True,False
porto,16,A,66,20,11,4,14733,0,74.59111074998509,0.6360978208245415,2.628583833120669,0.15237015811668883,3.5373147729246153,True,False
porto,16,B,66,66,66,6,4927,0,20.5742485410301,0.636798833558303,14.642448310836139,0.15215208142523984,9.778508179003193,True,False
porto,16,C,66,66,51,15,93639,397808,2398.7340942919836,0.636798833558303,14.642448310836139,0.15215208142523984,9.778508179003193,True,False
porto,17,A,66,3,2,2,22739,0,66.32594000000972,0.6308214244606867,2.691113703782734,0.15268664680388663,3.81594431338979,True,True
porto,17,B,66,66,63,4,4094,0,17.206531832984183,0.6315336983583156,17.883224821275974,0.15242652603940865,14.509031744062318,True,True
porto,17,C,66,66,52,14,91452,399370,2403.5019683339633,0.6315336983583156,17.883224821275974,0.15242652603940865,14.509031744062318,True,True
porto,18,A,66,63,7,2,16717,0,149.8488951670006,0.6326636085060396,2.7620135034536273,0.17368906183738347,4.052955783907002,True,False
porto,18,B,66,66,55,5,3773,0,49.98206858400954,0.6338035686168951,13.854530131006047,0.1523100994786153,11.488934276139235,True,False
porto,18,C,66,62,61,12,103685,433390,2622.8686822910095,0.6338035686168951,13.854530131006047,0.1523100994786153,11.488934276139235,True,False
porto,19,A,66,66,8,16,2352,0,17.654393917007837,0.6205947383553715,1.3554457982536425,0.15285969282825504,3.677834743782457,False,True
porto,19,B,66,66,23,9,1293,0,5.382191957964096,0.6284765309381553,13.801075293681658,0.15260743284793735,12.119924159215941,False,True
porto,19,C,66,66,55,11,101636,435478,2608.903206042014,0.6284765309381553,13.801075293681658,0.15260743284793735,12.119924159215941,False,True
porto,20,A,66,64,9,2,8172,0,83.71961329103215,0.6312056509229879,2.5633389085218568,0.17594221310024605,3.9380054312323254,True,False
porto,20,B,66,66,63,5,6209,0,107.66202729201177,0.6320736136086982,15.291403888884426,0.15242380353152918,13.307061640099567,True,False
porto,20,C,66,65,52,15,94728,390462,2347.3725824999856,0.6320736136086982,15.291403888884426,0.15242380353152918,13.307061640099567,True,False
porto,21,A,66,33,14,3,18255,0,69.47511437500361,0.6318266120745907,2.5120118329305092,0.15268957099199656,3.679118761975272,False,True
porto,21,B,66,66,40,7,5106,0,23.20816812501289,0.6320435716040342,5.10449072646733,0.15236022773285432,6.256504868418667,False,True
porto,21,C,66,64,56,9,98667,409192,2453.9965630830266,0.6320435716040342,5.10449072646733,0.15236022773285432,6.256504868418667,False,True
porto,22,A,66,3,2,2,5811,0,61.937218500010204,0.629000690569047,2.7062171405949145,0.15268191880053703,3.5991158283727116,True,True
porto,22,B,66,66,54,7,4613,0,26.093872166995425,0.6296922361396639,10.078993299067644,0.1524719449921249,7.16085240346066,True,True
porto,22,C,66,65,54,13,97481,417604,2506.0482229170157,0.6296922361396639,10.078993299067644,0.1524719449921249,7.16085240346066,True,True
porto,23,A,66,65,11,3,6410,0,125.22728995798388,0.6298384132760521,10.67700009152897,0.17535162980718033,3.9818119535397405,False,False
porto,23,B,66,66,64,11,6712,0,134.4956983330194,0.6309679363734031,30.149739952372734,0.15247621308111226,22.96176906296598,False,False
porto,23,C,66,61,46,15,92495,401376,2407.3865557080135,0.6309679363734031,30.149739952372734,0.15247621308111226,22.96176906296598,False,False
porto,24,A,66,3,2,2,13189,0,51.132942124968395,0.6272807499331426,2.3820893870031385,0.15286889392900754,3.4504942577285127,True,False
porto,24,B,66,66,66,4,6202,0,28.890072499983944,0.6279833164294644,8.24675947078504,0.1526647978518733,9.912267716781368,True,False
porto,24,C,66,66,66,9,104179,438440,2629.211138250015,0.6279833164294644,8.24675947078504,0.1526647978518733,9.912267716781368,True,False
porto,25,A,66,3,2,2,8924,0,63.91703712497838,0.632123060406053,2.6018753452763574,0.15248198597402374,3.3653218612138462,False,True
porto,25,B,66,66,56,6,5207,0,24.749132582976017,0.6328111592263662,7.066342267553978,0.15231489642364848,9.40440892469134,False,True
porto,25,C,66,62,60,12,98231,419784,2523.2883638750063,0.6328111592263662,7.066342267553978,0.15231489642364848,9.40440892469134,False,True
porto,26,A,66,62,11,3,14343,0,150.74714183300966,0.6302552865475385,2.4810967751521265,0.17411870887413808,3.9889799259742595,False,False
porto,26,B,66,66,44,7,4816,0,189.3746701250202,0.6307520568034771,8.726716129694992,0.15244132740197047,5.744058974356658,False,False
porto,26,C,66,66,63,12,104601,429818,2586.9307210830157,0.6307520568034771,8.726716129694992,0.15244132740197047,5.744058974356658,False,False
porto,27,A,66,61,10,3,21450,0,98.87831125000957,0.6315580747463139,2.421585079936512,0.1713234587073338,3.9922098668211166,False,False
porto,27,B,66,66,59,8,5239,0,277.9481416660128,0.6325951461907944,21.17068842701165,0.15237306739608067,18.308576815433234,False,False
porto,27,C,66,66,63,14,99444,422702,2537.204267165973,0.6325951461907944,21.17068842701165,0.15237306739608067,18.308576815433234,False,False
porto,28,A,66,22,13,3,51649,0,83.11258970899507,0.6278030321472828,2.574919684186388,0.15283691706609098,3.477944111932197,False,False
porto,28,B,66,66,60,4,4390,0,23.891578207956627,0.6288132491916075,20.546823539457215,0.15262395483474311,16.907597104578247,False,False
porto,28,C,66,65,63,13,96927,403090,2430.7197323750006,0.6288132491916075,20.546823539457215,0.15262395483474311,16.907597104578247,False,False
porto,29,A,66,66,11,16,1412,0,118.97596533305477,0.6241427001071782,1.378508307971064,0.15268575936165266,3.5849734006569975,False,True
porto,29,B,66,66,19,8,1315,0,4.926270916941576,0.6318696669797237,10.452349345835554,0.15242365839579958,7.050175016295778,False,True
porto,29,C,66,66,64,14,105760,430962,2590.1981893749908,0.6318696669797237,10.452349345835554,0.15242365839579958,7.050175016295778,False,True
uci_credit,0,A,66,19,10,7,25574,0,126.54743687500013,0.7858898833331709,7.647315517004706,0.42716141394432167,5.665531197092782,True,True
uci_credit,0,B,66,26,24,11,28554,0,103.53026220801985,0.7860048177315287,6.6909026519192,0.4255267916747072,6.212866794426837,True,True
uci_credit,0,C,66,64,57,18,105535,441648,314.91447862499626,0.7860048177315287,6.6909026519192,0.4255267916747072,6.212866794426837,True,True
uci_credit,1,A,66,20,12,10,37742,0,123.00215354101965,0.7840453298445411,7.307243561311466,0.4280251573961479,5.7264538967784935,True,True
uci_credit,1,B,66,24,21,12,24409,0,94.97803104197374,0.7841450471502623,6.314288262297293,0.4273039026840391,5.874424773435477,True,True
uci_credit,1,C,66,66,66,21,100723,430458,308.11314354196656,0.7841450471502623,6.314288262297293,0.4273039026840391,5.874424773435477,True,True
uci_credit,2,A,66,30,24,10,27893,0,77.0536656670156,0.7845683644968138,7.850829600805815,0.427121465768124,5.411643678044821,True,True
uci_credit,2,B,66,34,33,14,23152,0,67.67677050002385,0.7846430189486362,7.512604137250708,0.4267459617805746,6.3286141756693866,True,True
uci_credit,2,C,66,66,66,15,101777,431426,309.9464544169605,0.7846430189486362,7.512604137250708,0.4267459617805746,6.3286141756693866,True,True
uci_credit,3,A,66,18,7,7,27831,0,137.68585641600657,0.787081089437817,6.579259223134736,0.42584843639953407,5.6819398014570295,True,True
uci_credit,3,B,66,21,21,13,37874,0,123.02652499999385,0.7871893525015222,5.6875716278769595,0.4242602339614638,5.109927683824529,True,True
uci_credit,3,C,66,60,45,19,103117,439512,316.0174542919849,0.7871893525015222,5.6875716278769595,0.4242602339614638,5.109927683824529,True,True
uci_credit,4,A,66,26,25,10,40206,0,168.1763068329892,0.7818692553648742,7.8451084092302255,0.42868182242580505,5.439143184127308,True,True
uci_credit,4,B,66,29,29,15,41758,0,144.23881633300334,0.78195806876713,6.969594778997859,0.4285521680816946,5.875452884697984,True,True
uci_credit,4,C,66,64,63,18,101373,430466,308.19040462496923,0.78195806876713,6.969594778997859,0.4285521680816946,5.875452884697984,True,True
uci_credit,5,A,66,17,5,5,49328,0,151.97278358298354,0.7820475472873422,6.910830701118423,0.428454550706819,5.780477989166253,True,True
uci_credit,5,B,66,12,12,11,47405,0,148.6279013750027,0.7822521819118975,5.736183761275666,0.42800015202818903,5.56698020669567,True,True
uci_credit,5,C,66,61,44,20,101323,428148,306.303531707963,0.7822521819118975,5.736183761275666,0.42800015202818903,5.56698020669567,True,True
uci_credit,6,A,66,20,13,6,32698,0,126.6915438749711,0.7846376778498961,7.97507191039359,0.42630614351862794,5.688251291343352,True,True
uci_credit,6,B,66,27,27,15,26958,0,94.21932258299785,0.7847454370363618,7.495298556190618,0.425447992307768,6.201365466439464,True,True
uci_credit,6,C,66,66,66,16,98591,425058,303.87212529202225,0.7847454370363618,7.495298556190618,0.425447992307768,6.201365466439464,True,True
uci_credit,7,A,66,66,54,24,4834,0,30.658243250043597,0.7852851500252659,7.95771798639373,0.4253424501341383,7.755753290213487,True,True
uci_credit,7,B,66,66,65,18,4525,0,31.567031708022114,0.7853841316702173,7.669860629463699,0.42500048830107895,6.022751136127614,True,True
uci_credit,7,C,66,66,63,12,101150,431270,312.12599799997406,0.7853841316702173,7.669860629463699,0.42500048830107895,6.022751136127614,True,True
uci_credit,8,A,66,63,50,16,6654,0,27.291731042030733,0.782103195489686,7.767855272217524,0.4283140436557149,8.381771261110705,True,True
uci_credit,8,B,66,66,66,21,3345,0,16.198075084015727,0.782121304837678,7.302501367083159,0.427966041411595,6.708139932717149,True,True
uci_credit,8,C,66,63,54,19,102747,439262,317.97383895900566,0.782121304837678,7.302501367083159,0.427966041411595,6.708139932717149,True,True
uci_credit,9,A,66,27,20,9,28311,0,139.77701249998063,0.7817872846155325,7.512198868545429,0.4283206124338698,5.617326465417591,True,True
uci_credit,9,B,66,33,32,14,29048,0,116.36895391700091,0.7818066032688996,7.163932631602583,0.42772801206875033,6.4029350532275355,True,True
uci_credit,9,C,66,65,65,14,100053,430538,308.97081358300056,0.7818066032688996,7.163932631602583,0.42772801206875033,6.4029350532275355,True,True
uci_credit,10,A,66,20,9,6,38815,0,151.43527524999809,0.7873032589903113,6.9689772293329275,0.42480357793115997,4.8483710732302185,True,True
uci_credit,10,B,66,25,22,9,33518,0,126.30493133305572,0.7874712718170909,6.077892350905104,0.4237381835594512,5.039871403382907,True,True
uci_credit,10,C,66,66,65,14,103011,422554,303.5847950000316,0.7874712718170909,6.077892350905104,0.4237381835594512,5.039871403382907,True,True
uci_credit,11,A,66,19,8,5,39895,0,127.30376895796508,0.7863155386701142,8.105085800214088,0.4264906698990051,5.697018805845517,True,True
uci_credit,11,B,66,25,24,12,26249,0,106.09566662507132,0.7865692408602639,7.184039823980056,0.4256106962273574,6.481619544509488,True,True
uci_credit,11,C,66,64,62,15,100989,427696,307.49327754206024,0.7865692408602639,7.184039823980056,0.4256106962273574,6.481619544509488,True,True
uci_credit,12,A,66,22,11,8,42712,0,136.62024945800658,0.7816511369853866,8.174719041388833,0.4283346628758307,5.678722149847696,True,True
uci_credit,12,B,66,31,27,11,30000,0,93.36880237504374,0.7818713414166463,6.561641454286888,0.42767041622184443,6.313723596745129,True,True
uci_credit,12,C,66,66,65,22,101646,431960,311.4072243330302,0.7818713414166463,6.561641454286888,0.42767041622184443,6.313723596745129,True,True
uci_credit,13,A,66,22,11,7,41345,0,112.86886604106985,0.7830329699273265,7.232048551147242,0.42887613095567817,4.9166245188611075,True,True
uci_credit,13,B,66,37,35,14,24381,0,81.99387712497264,0.78321341844438,6.295639153685711,0.42791731585573956,5.314796401674407,True,True
uci_credit,13,C,66,66,66,15,106746,439308,315.62391858396586,0.78321341844438,6.295639153685711,0.42791731585573956,5.314796401674407,True,True
uci_credit,14,A,66,20,9,6,29016,0,158.59844866709318,0.7847813231733677,8.032722668767308,0.4269638299592042,5.701761283970959,True,True
uci_credit,14,B,66,26,25,14,28067,0,115.51293650001753,0.7849333127039273,6.971712462113649,0.42617518848930536,5.682217497402869,True,True
uci_credit,14,C,66,66,66,16,101111,408926,295.5029101249529,0.7849333127039273,6.971712462113649,0.42617518848930536,5.682217497402869,True,True
uci_credit,15,A,66,22,14,12,40790,0,151.20542104099877,0.7840948005119271,7.849334616306326,0.42699474613316996,5.759238924579285,True,True
uci_credit,15,B,66,32,27,16,27364,0,133.15060675004497,0.7841712689218122,6.933318784986586,0.42634381767014806,6.1591777180417235,True,True
uci_credit,15,C,66,66,65,18,97969,410480,297.4249105830677,0.7841712689218122,6.933318784986586,0.42634381767014806,6.1591777180417235,True,True
uci_credit,16,A,66,22,17,10,40948,0,167.90145775000565,0.7811566117073316,7.691502001726066,0.4295575215876291,5.758479179348798,True,True
uci_credit,16,B,66,31,28,15,30977,0,146.39509162504692,0.7812538197043997,7.200602260707587,0.42904317749270915,6.344129313894396,True,True
uci_credit,16,C,66,66,64,15,104158,414522,298.9322924580192,0.7812538197043997,7.200602260707587,0.42904317749270915,6.344129313894396,True,True
uci_credit,17,A,66,22,11,7,50747,0,170.06379549996927,0.781482297799934,8.27047860395739,0.4300160438674868,5.708735064735675,True,True
uci_credit,17,B,66,34,32,12,20310,0,73.30115516704973,0.7816331788005664,7.747447709260581,0.4289892486605892,6.29050214732248,True,True
uci_credit,17,C,66,66,66,15,103499,427550,307.90724750002846,0.7816331788005664,7.747447709260581,0.4289892486605892,6.29050214732248,True,True
uci_credit,18,A,66,24,15,13,40515,0,122.01492929190863,0.7820177479873909,7.486386118143697,0.4275367374964769,5.746710611138133,True,True
uci_credit,18,B,66,29,29,18,27905,0,98.48759679100476,0.7820766411591579,6.514832205875017,0.42652331467340626,5.757584987630057,True,True
uci_credit,18,C,66,66,65,20,104767,446504,320.5709382920759,0.7820766411591579,6.514832205875017,0.42652331467340626,5.757584987630057,True,True
uci_credit,19,A,66,20,9,7,35572,0,137.1430339999497,0.7834270523164351,8.194998533489109,0.42858558168650507,5.729628225366757,True,True
uci_credit,19,B,66,30,30,15,28179,0,85.17377450002823,0.783565336386077,7.355560266282652,0.4277949624129078,6.102807848721145,True,True
uci_credit,19,C,66,66,65,19,99868,424218,306.5852710000472,0.783565336386077,7.355560266282652,0.4277949624129078,6.102807848721145,True,True
uci_credit,20,A,66,20,9,6,36072,0,164.55669791589025,0.7828330112835548,8.438985225907482,0.42901767319696704,5.693484639697723,True,True
uci_credit,20,B,66,27,27,14,33927,0,126.00011283298954,0.7830356001665173,7.547453004136445,0.42810527566971357,6.502498136351856,True,True
uci_credit,20,C,66,66,65,15,101910,376804,272.08783295797184,0.7830356001665173,7.547453004136445,0.42810527566971357,6.502498136351856,True,True
uci_credit,21,A,66,19,8,5,32494,0,123.91916033404414,0.7839118326086756,7.824506794675699,0.4268296633822096,5.735146003092312,True,True
uci_credit,21,B,66,25,23,13,41017,0,102.12541287497152,0.7840674198227261,7.1326559914499486,0.4261923418960254,5.924618922637421,True,True
uci_credit,21,C,66,65,65,17,107503,438886,315.56875970808323,0.7840674198227261,7.1326559914499486,0.4261923418960254,5.924618922637421,True,True
uci_credit,22,A,66,65,40,11,4937,0,37.061740415985696,0.7832037137687449,7.52378163614324,0.4283153238293907,7.951326699885836,True,True
uci_credit,22,B,66,66,66,18,4106,0,34.77755779202562,0.7833167838213161,6.557971936179888,0.42778835757382316,5.947708194464754,True,True
uci_credit,22,C,66,65,63,21,104205,425224,304.6927240410587,0.7833167838213161,6.557971936179888,0.42778835757382316,5.947708194464754,True,True
uci_credit,23,A,66,22,13,11,31973,0,103.71253379108384,0.7830552009911387,7.193309607274543,0.427765321346887,5.7482848254342915,True,True
uci_credit,23,B,66,31,27,15,28615,0,95.180384999956,0.7830928305433936,6.881264153216758,0.4267751007011421,6.154844921909092,True,True
uci_credit,23,C,66,57,54,14,101307,430660,310.800444124965,0.7830928305433936,6.881264153216758,0.4267751007011421,6.154844921909092,True,True
uci_credit,24,A,66,21,10,9,50657,0,165.8965568750864,0.7855321304930392,8.596656747016588,0.425717903845382,5.780833346458772,True,True
uci_credit,24,B,66,26,26,15,34583,0,135.72811387502588,0.7858252761935065,7.430466719397812,0.42516977489756613,6.318372224987089,True,True
uci_credit,24,C,66,66,65,17,98062,430134,311.09520650003105,0.7858252761935065,7.430466719397812,0.42516977489756613,6.318372224987089,True,True
uci_credit,25,A,66,23,13,6,26025,0,120.24578662507702,0.7865095918726375,6.5312261517423895,0.427699698266953,4.66255563612124,True,True
uci_credit,25,B,66,34,33,9,25163,0,106.8510495419614,0.7866008742733674,6.3376276934455635,0.4248527187038835,5.506030967896901,True,True
uci_credit,25,C,66,63,58,14,100718,417858,300.7050113750156,0.7866008742733674,6.3376276934455635,0.4248527187038835,5.506030967896901,True,True
uci_credit,26,A,66,21,12,10,36277,0,125.96000258403365,0.7837765012596578,8.03913135139262,0.4282014056782794,5.643408101052791,True,True
uci_credit,26,B,66,29,29,15,34043,0,95.11253579193726,0.783813344763419,7.367633811731315,0.42737705014931876,5.624932844287758,True,True
uci_credit,26,C,66,66,66,15,103300,426026,306.3697773749009,0.783813344763419,7.367633811731315,0.42737705014931876,5.624932844287758,True,True
uci_credit,27,A,66,20,11,10,41208,0,136.9220704579493,0.7854617892303879,7.656769496652972,0.42719735889396837,5.728306938374366,True,True
uci_credit,27,B,66,25,25,20,29815,0,104.24644529202487,0.7855445762608578,6.952503909758096,0.42630755360839007,6.311449728816272,True,True
uci_credit,27,C,66,65,61,14,96290,393632,283.25300408294424,0.7855445762608578,6.952503909758096,0.42630755360839007,6.311449728816272,True,True
uci_credit,28,A,66,21,11,9,37243,0,107.80973437498324,0.781768469839405,7.549928104806986,0.4289793754135814,5.522125301793699,True,True
uci_credit,28,B,66,27,27,16,36473,0,84.35943408391904,0.7819036298701613,6.4475341576796765,0.4284980529413392,5.9406438147838685,True,True
uci_credit,28,C,66,65,59,19,99407,423620,303.8660329580307,0.7819036298701613,6.4475341576796765,0.4284980529413392,5.9406438147838685,True,True
uci_credit,29,A,66,22,10,5,27695,0,107.29683333297726,0.7830251195199331,7.350844210074057,0.4296602284200976,5.584495591931126,True,True
uci_credit,29,B,66,27,24,11,30092,0,101.79807654197793,0.7832092362632911,5.978140362407103,0.4269465066470785,5.460697605628297,True,True
uci_credit,29,C,66,66,66,21,103442,431326,310.82271775009576,0.7832092362632911,5.978140362407103,0.4269465066470785,5.460697605628297,True,True
